{"phase": "confirm2", "prompt": 8, "seed": 3000, "method": "full", "latent_mse_to_full": 0.0, "seconds": 43.895630033977795, "kinds": {"F": 30, "C": 0, "G": 0, "O": 0}, "full": 1800, "reuse": 0, "attn_only": 0, "ffn_only": 0}
{"phase": "confirm2", "prompt": 8, "seed": 3000, "method": "full_perturb1e-2", "latent_mse_to_full": 0.005154918879270554, "seconds": 43.67228928703116, "kinds": {"F": 30, "C": 0, "G": 0, "O": 0}, "full": 1800, "reuse": 0, "attn_only": 0, "ffn_only": 0}
{"phase": "confirm2", "prompt": 8, "seed": 3000, "method": "steps14", "latent_mse_to_full": 0.20746612548828125, "seconds": 20.36854829703225, "kinds": {"F": 14, "C": 0, "G": 0, "O": 0}, "full": 840, "reuse": 0, "attn_only": 0, "ffn_only": 0}
{"phase": "confirm2", "prompt": 8, "seed": 3000, "method": "steps11", "latent_mse_to_full": 0.31221646070480347, "seconds": 16.022873605019413, "kinds": {"F": 11, "C": 0, "G": 0, "O": 0}, "full": 660, "reuse": 0, "attn_only": 0, "ffn_only": 0}
{"phase": "confirm2", "prompt": 8, "seed": 3000, "method": "BR_L4", "latent_mse_to_full": 0.017309634014964104, "seconds": 23.661756067012902, "kinds": {"F": 30, "C": 0, "G": 0, "O": 0}, "full": 900, "reuse": 900, "attn_only": 0, "ffn_only": 0}
{"phase": "confirm2", "prompt": 8, "seed": 3000, "method": "S5_Ow10_L4", "latent_mse_to_full": 0.017355870455503464, "seconds": 22.470014380989596, "kinds": {"F": 20, "C": 0, "G": 0, "O": 10}, "full": 900, "reuse": 300, "attn_only": 0, "ffn_only": 0}
{"phase": "confirm2", "prompt": 8, "seed": 3000, "method": "S5_Ow12_L4", "latent_mse_to_full": 0.006511611398309469, "seconds": 25.298155126045458, "kinds": {"F": 21, "C": 0, "G": 0, "O": 9}, "full": 1020, "reuse": 240, "attn_only": 0, "ffn_only": 0}
{"phase": "confirm2", "prompt": 8, "seed": 3000, "method": "S5_Ow8_L4", "latent_mse_to_full": 0.03392999991774559, "seconds": 20.94451509800274, "kinds": {"F": 19, "C": 0, "G": 0, "O": 11}, "full": 840, "reuse": 300, "attn_only": 0, "ffn_only": 0}
{"phase": "confirm2", "prompt": 8, "seed": 3000, "method": "S5_Ow10_L4_GI22", "latent_mse_to_full": 0.018899302929639816, "seconds": 21.22552880703006, "kinds": {"F": 16, "C": 0, "G": 4, "O": 10}, "full": 840, "reuse": 240, "attn_only": 0, "ffn_only": 0}
{"phase": "confirm2", "prompt": 8, "seed": 3000, "method": "S5_O3w10_B2", "latent_mse_to_full": 0.026737630367279053, "seconds": 20.889001981995534, "kinds": {"F": 17, "C": 0, "G": 0, "O": 13}, "full": 840, "reuse": 180, "attn_only": 0, "ffn_only": 0}
{"phase": "confirm2", "prompt": 8, "seed": 3000, "method": "S5_Ow10_L6", "latent_mse_to_full": 0.029089145362377167, "seconds": 21.198595279012807, "kinds": {"F": 20, "C": 0, "G": 0, "O": 10}, "full": 840, "reuse": 360, "attn_only": 0, "ffn_only": 0}
{"phase": "confirm2", "prompt": 8, "seed": 3000, "method": "S2_L6+OS", "latent_mse_to_full": 0.048827528953552246, "seconds": 16.868886051001027, "kinds": {"F": 17, "C": 0, "G": 0, "O": 13}, "full": 660, "reuse": 360, "attn_only": 0, "ffn_only": 0}
{"phase": "confirm2", "prompt": 8, "seed": 4000, "method": "full", "latent_mse_to_full": 0.0, "seconds": 43.68456571997376, "kinds": {"F": 30, "C": 0, "G": 0, "O": 0}, "full": 1800, "reuse": 0, "attn_only": 0, "ffn_only": 0}
{"phase": "confirm2", "prompt": 8, "seed": 4000, "method": "full_perturb1e-2", "latent_mse_to_full": 0.014029148034751415, "seconds": 43.735160181007814, "kinds": {"F": 30, "C": 0, "G": 0, "O": 0}, "full": 1800, "reuse": 0, "attn_only": 0, "ffn_only": 0}
{"phase": "confirm2", "prompt": 8, "seed": 4000, "method": "steps14", "latent_mse_to_full": 0.49178555607795715, "seconds": 20.36296635097824, "kinds": {"F": 14, "C": 0, "G": 0, "O": 0}, "full": 840, "reuse": 0, "attn_only": 0, "ffn_only": 0}
{"phase": "confirm2", "prompt": 8, "seed": 4000, "method": "steps11", "latent_mse_to_full": 0.6056958436965942, "seconds": 15.998996579961386, "kinds": {"F": 11, "C": 0, "G": 0, "O": 0}, "full": 660, "reuse": 0, "attn_only": 0, "ffn_only": 0}
{"phase": "confirm2", "prompt": 8, "seed": 4000, "method": "BR_L4", "latent_mse_to_full": 0.021503601223230362, "seconds": 23.93525903095724, "kinds": {"F": 30, "C": 0, "G": 0, "O": 0}, "full": 900, "reuse": 900, "attn_only": 0, "ffn_only": 0}
{"phase": "confirm2", "prompt": 8, "seed": 4000, "method": "S5_Ow10_L4", "latent_mse_to_full": 0.023988453671336174, "seconds": 22.528229782998096, "kinds": {"F": 20, "C": 0, "G": 0, "O": 10}, "full": 900, "reuse": 300, "attn_only": 0, "ffn_only": 0}
{"phase": "confirm2", "prompt": 8, "seed": 4000, "method": "S5_Ow12_L4", "latent_mse_to_full": 0.007753330282866955, "seconds": 25.176792943966575, "kinds": {"F": 21, "C": 0, "G": 0, "O": 9}, "full": 1020, "reuse": 240, "attn_only": 0, "ffn_only": 0}
{"phase": "confirm2", "prompt": 8, "seed": 4000, "method": "S5_Ow8_L4", "latent_mse_to_full": 0.049827951937913895, "seconds": 20.968783574004192, "kinds": {"F": 19, "C": 0, "G": 0, "O": 11}, "full": 840, "reuse": 300, "attn_only": 0, "ffn_only": 0}
{"phase": "confirm2", "prompt": 8, "seed": 4000, "method": "S5_Ow10_L4_GI22", "latent_mse_to_full": 0.024075131863355637, "seconds": 21.194282227021176, "kinds": {"F": 16, "C": 0, "G": 4, "O": 10}, "full": 840, "reuse": 240, "attn_only": 0, "ffn_only": 0}
{"phase": "confirm2", "prompt": 8, "seed": 4000, "method": "S5_O3w10_B2", "latent_mse_to_full": 0.030938969925045967, "seconds": 20.860043823020533, "kinds": {"F": 17, "C": 0, "G": 0, "O": 13}, "full": 840, "reuse": 180, "attn_only": 0, "ffn_only": 0}
{"phase": "confirm2", "prompt": 8, "seed": 4000, "method": "S5_Ow10_L6", "latent_mse_to_full": 0.028711002320051193, "seconds": 21.31069967499934, "kinds": {"F": 20, "C": 0, "G": 0, "O": 10}, "full": 840, "reuse": 360, "attn_only": 0, "ffn_only": 0}
{"phase": "confirm2", "prompt": 8, "seed": 4000, "method": "S2_L6+OS", "latent_mse_to_full": 0.10058726370334625, "seconds": 16.92350463703042, "kinds": {"F": 17, "C": 0, "G": 0, "O": 13}, "full": 660, "reuse": 360, "attn_only": 0, "ffn_only": 0}
{"phase": "confirm2", "prompt": 9, "seed": 3000, "method": "full", "latent_mse_to_full": 0.0, "seconds": 43.83562210103264, "kinds": {"F": 30, "C": 0, "G": 0, "O": 0}, "full": 1800, "reuse": 0, "attn_only": 0, "ffn_only": 0}
{"phase": "confirm2", "prompt": 9, "seed": 3000, "method": "full_perturb1e-2", "latent_mse_to_full": 0.001007507904432714, "seconds": 43.891427350987215, "kinds": {"F": 30, "C": 0, "G": 0, "O": 0}, "full": 1800, "reuse": 0, "attn_only": 0, "ffn_only": 0}
{"phase": "confirm2", "prompt": 9, "seed": 3000, "method": "steps14", "latent_mse_to_full": 0.23227423429489136, "seconds": 20.471336742979474, "kinds": {"F": 14, "C": 0, "G": 0, "O": 0}, "full": 840, "reuse": 0, "attn_only": 0, "ffn_only": 0}
{"phase": "confirm2", "prompt": 9, "seed": 3000, "method": "steps11", "latent_mse_to_full": 0.26789790391921997, "seconds": 16.10771399002988, "kinds": {"F": 11, "C": 0, "G": 0, "O": 0}, "full": 660, "reuse": 0, "attn_only": 0, "ffn_only": 0}
{"phase": "confirm2", "prompt": 9, "seed": 3000, "method": "BR_L4", "latent_mse_to_full": 0.00796408113092184, "seconds": 24.07105731900083, "kinds": {"F": 30, "C": 0, "G": 0, "O": 0}, "full": 900, "reuse": 900, "attn_only": 0, "ffn_only": 0}
{"phase": "confirm2", "prompt": 9, "seed": 3000, "method": "S5_Ow10_L4", "latent_mse_to_full": 0.005752035416662693, "seconds": 22.66038859594846, "kinds": {"F": 20, "C": 0, "G": 0, "O": 10}, "full": 900, "reuse": 300, "attn_only": 0, "ffn_only": 0}
{"phase": "confirm2", "prompt": 9, "seed": 3000, "method": "S5_Ow12_L4", "latent_mse_to_full": 0.0020748390816152096, "seconds": 25.42593782203039, "kinds": {"F": 21, "C": 0, "G": 0, "O": 9}, "full": 1020, "reuse": 240, "attn_only": 0, "ffn_only": 0}
{"phase": "confirm2", "prompt": 9, "seed": 3000, "method": "S5_Ow8_L4", "latent_mse_to_full": 0.00602565286681056, "seconds": 21.208453070023097, "kinds": {"F": 19, "C": 0, "G": 0, "O": 11}, "full": 840, "reuse": 300, "attn_only": 0, "ffn_only": 0}
{"phase": "confirm2", "prompt": 9, "seed": 3000, "method": "S5_Ow10_L4_GI22", "latent_mse_to_full": 0.008555861189961433, "seconds": 21.340461554005742, "kinds": {"F": 16, "C": 0, "G": 4, "O": 10}, "full": 840, "reuse": 240, "attn_only": 0, "ffn_only": 0}
{"phase": "confirm2", "prompt": 9, "seed": 3000, "method": "S5_O3w10_B2", "latent_mse_to_full": 0.009727571159601212, "seconds": 20.86037854902679, "kinds": {"F": 17, "C": 0, "G": 0, "O": 13}, "full": 840, "reuse": 180, "attn_only": 0, "ffn_only": 0}
{"phase": "confirm2", "prompt": 9, "seed": 3000, "method": "S5_Ow10_L6", "latent_mse_to_full": 0.014602933079004288, "seconds": 21.238460000022314, "kinds": {"F": 20, "C": 0, "G": 0, "O": 10}, "full": 840, "reuse": 360, "attn_only": 0, "ffn_only": 0}
{"phase": "confirm2", "prompt": 9, "seed": 3000, "method": "S2_L6+OS", "latent_mse_to_full": 0.0195772722363472, "seconds": 16.743170253001153, "kinds": {"F": 17, "C": 0, "G": 0, "O": 13}, "full": 660, "reuse": 360, "attn_only": 0, "ffn_only": 0}
{"phase": "confirm2", "prompt": 9, "seed": 4000, "method": "full", "latent_mse_to_full": 0.0, "seconds": 43.739069267991, "kinds": {"F": 30, "C": 0, "G": 0, "O": 0}, "full": 1800, "reuse": 0, "attn_only": 0, "ffn_only": 0}
{"phase": "confirm2", "prompt": 9, "seed": 4000, "method": "full_perturb1e-2", "latent_mse_to_full": 0.00021901920263189822, "seconds": 43.72085021901876, "kinds": {"F": 30, "C": 0, "G": 0, "O": 0}, "full": 1800, "reuse": 0, "attn_only": 0, "ffn_only": 0}
{"phase": "confirm2", "prompt": 9, "seed": 4000, "method": "steps14", "latent_mse_to_full": 0.31842347979545593, "seconds": 20.36422552698059, "kinds": {"F": 14, "C": 0, "G": 0, "O": 0}, "full": 840, "reuse": 0, "attn_only": 0, "ffn_only": 0}
{"phase": "confirm2", "prompt": 9, "seed": 4000, "method": "steps11", "latent_mse_to_full": 0.41892585158348083, "seconds": 15.987237830995582, "kinds": {"F": 11, "C": 0, "G": 0, "O": 0}, "full": 660, "reuse": 0, "attn_only": 0, "ffn_only": 0}
{"phase": "confirm2", "prompt": 9, "seed": 4000, "method": "BR_L4", "latent_mse_to_full": 0.007125666365027428, "seconds": 23.81740261800587, "kinds": {"F": 30, "C": 0, "G": 0, "O": 0}, "full": 900, "reuse": 900, "attn_only": 0, "ffn_only": 0}
{"phase": "confirm2", "prompt": 9, "seed": 4000, "method": "S5_Ow10_L4", "latent_mse_to_full": 0.0052148569375276566, "seconds": 22.523478451010305, "kinds": {"F": 20, "C": 0, "G": 0, "O": 10}, "full": 900, "reuse": 300, "attn_only": 0, "ffn_only": 0}
{"phase": "confirm2", "prompt": 9, "seed": 4000, "method": "S5_Ow12_L4", "latent_mse_to_full": 0.0025239624083042145, "seconds": 25.307329800969455, "kinds": {"F": 21, "C": 0, "G": 0, "O": 9}, "full": 1020, "reuse": 240, "attn_only": 0, "ffn_only": 0}
{"phase": "confirm2", "prompt": 9, "seed": 4000, "method": "S5_Ow8_L4", "latent_mse_to_full": 0.005419404711574316, "seconds": 21.151024218008388, "kinds": {"F": 19, "C": 0, "G": 0, "O": 11}, "full": 840, "reuse": 300, "attn_only": 0, "ffn_only": 0}
{"phase": "confirm2", "prompt": 9, "seed": 4000, "method": "S5_Ow10_L4_GI22", "latent_mse_to_full": 0.0073574380949139595, "seconds": 21.174436820030678, "kinds": {"F": 16, "C": 0, "G": 4, "O": 10}, "full": 840, "reuse": 240, "attn_only": 0, "ffn_only": 0}
{"phase": "confirm2", "prompt": 9, "seed": 4000, "method": "S5_O3w10_B2", "latent_mse_to_full": 0.006139502860605717, "seconds": 20.77469295798801, "kinds": {"F": 17, "C": 0, "G": 0, "O": 13}, "full": 840, "reuse": 180, "attn_only": 0, "ffn_only": 0}
{"phase": "confirm2", "prompt": 9, "seed": 4000, "method": "S5_Ow10_L6", "latent_mse_to_full": 0.009785491973161697, "seconds": 21.265598827973008, "kinds": {"F": 20, "C": 0, "G": 0, "O": 10}, "full": 840, "reuse": 360, "attn_only": 0, "ffn_only": 0}
{"phase": "confirm2", "prompt": 9, "seed": 4000, "method": "S2_L6+OS", "latent_mse_to_full": 0.01231453474611044, "seconds": 16.80986043601297, "kinds": {"F": 17, "C": 0, "G": 0, "O": 13}, "full": 660, "reuse": 360, "attn_only": 0, "ffn_only": 0}
{"phase": "confirm2", "prompt": 10, "seed": 3000, "method": "full", "latent_mse_to_full": 0.0, "seconds": 43.8167228330276, "kinds": {"F": 30, "C": 0, "G": 0, "O": 0}, "full": 1800, "reuse": 0, "attn_only": 0, "ffn_only": 0}
{"phase": "confirm2", "prompt": 10, "seed": 3000, "method": "full_perturb1e-2", "latent_mse_to_full": 0.0512271486222744, "seconds": 43.897232659976, "kinds": {"F": 30, "C": 0, "G": 0, "O": 0}, "full": 1800, "reuse": 0, "attn_only": 0, "ffn_only": 0}
{"phase": "confirm2", "prompt": 10, "seed": 3000, "method": "steps14", "latent_mse_to_full": 0.6850524544715881, "seconds": 20.426720264949836, "kinds": {"F": 14, "C": 0, "G": 0, "O": 0}, "full": 840, "reuse": 0, "attn_only": 0, "ffn_only": 0}
{"phase": "confirm2", "prompt": 10, "seed": 3000, "method": "steps11", "latent_mse_to_full": 0.6919262409210205, "seconds": 16.00414707401069, "kinds": {"F": 11, "C": 0, "G": 0, "O": 0}, "full": 660, "reuse": 0, "attn_only": 0, "ffn_only": 0}
{"phase": "confirm2", "prompt": 10, "seed": 3000, "method": "BR_L4", "latent_mse_to_full": 0.02174413576722145, "seconds": 23.927775320014916, "kinds": {"F": 30, "C": 0, "G": 0, "O": 0}, "full": 900, "reuse": 900, "attn_only": 0, "ffn_only": 0}
{"phase": "confirm2", "prompt": 10, "seed": 3000, "method": "S5_Ow10_L4", "latent_mse_to_full": 0.020477434620261192, "seconds": 22.53850019001402, "kinds": {"F": 20, "C": 0, "G": 0, "O": 10}, "full": 900, "reuse": 300, "attn_only": 0, "ffn_only": 0}
{"phase": "confirm2", "prompt": 10, "seed": 3000, "method": "S5_Ow12_L4", "latent_mse_to_full": 0.013051698915660381, "seconds": 25.353185379994102, "kinds": {"F": 21, "C": 0, "G": 0, "O": 9}, "full": 1020, "reuse": 240, "attn_only": 0, "ffn_only": 0}
{"phase": "confirm2", "prompt": 10, "seed": 3000, "method": "S5_Ow8_L4", "latent_mse_to_full": 0.043803103268146515, "seconds": 21.185415896004997, "kinds": {"F": 19, "C": 0, "G": 0, "O": 11}, "full": 840, "reuse": 300, "attn_only": 0, "ffn_only": 0}
{"phase": "confirm2", "prompt": 10, "seed": 3000, "method": "S5_Ow10_L4_GI22", "latent_mse_to_full": 0.02043592929840088, "seconds": 21.184062724001706, "kinds": {"F": 16, "C": 0, "G": 4, "O": 10}, "full": 840, "reuse": 240, "attn_only": 0, "ffn_only": 0}
{"phase": "confirm2", "prompt": 10, "seed": 3000, "method": "S5_O3w10_B2", "latent_mse_to_full": 0.026745613664388657, "seconds": 20.82496016402729, "kinds": {"F": 17, "C": 0, "G": 0, "O": 13}, "full": 840, "reuse": 180, "attn_only": 0, "ffn_only": 0}
{"phase": "confirm2", "prompt": 10, "seed": 3000, "method": "S5_Ow10_L6", "latent_mse_to_full": 0.02768310159444809, "seconds": 21.267307161993813, "kinds": {"F": 20, "C": 0, "G": 0, "O": 10}, "full": 840, "reuse": 360, "attn_only": 0, "ffn_only": 0}
{"phase": "confirm2", "prompt": 10, "seed": 3000, "method": "S2_L6+OS", "latent_mse_to_full": 0.17064031958580017, "seconds": 16.868031033023726, "kinds": {"F": 17, "C": 0, "G": 0, "O": 13}, "full": 660, "reuse": 360, "attn_only": 0, "ffn_only": 0}
{"phase": "confirm2", "prompt": 10, "seed": 4000, "method": "full", "latent_mse_to_full": 0.0, "seconds": 43.82583518495085, "kinds": {"F": 30, "C": 0, "G": 0, "O": 0}, "full": 1800, "reuse": 0, "attn_only": 0, "ffn_only": 0}
{"phase": "confirm2", "prompt": 10, "seed": 4000, "method": "full_perturb1e-2", "latent_mse_to_full": 0.034806881099939346, "seconds": 43.879675820004195, "kinds": {"F": 30, "C": 0, "G": 0, "O": 0}, "full": 1800, "reuse": 0, "attn_only": 0, "ffn_only": 0}
{"phase": "confirm2", "prompt": 10, "seed": 4000, "method": "steps14", "latent_mse_to_full": 0.47516536712646484, "seconds": 20.409231715020724, "kinds": {"F": 14, "C": 0, "G": 0, "O": 0}, "full": 840, "reuse": 0, "attn_only": 0, "ffn_only": 0}
{"phase": "confirm2", "prompt": 10, "seed": 4000, "method": "steps11", "latent_mse_to_full": 0.5220237374305725, "seconds": 16.048034740029834, "kinds": {"F": 11, "C": 0, "G": 0, "O": 0}, "full": 660, "reuse": 0, "attn_only": 0, "ffn_only": 0}
{"phase": "confirm2", "prompt": 10, "seed": 4000, "method": "BR_L4", "latent_mse_to_full": 0.036475662142038345, "seconds": 23.889591833984014, "kinds": {"F": 30, "C": 0, "G": 0, "O": 0}, "full": 900, "reuse": 900, "attn_only": 0, "ffn_only": 0}
{"phase": "confirm2", "prompt": 10, "seed": 4000, "method": "S5_Ow10_L4", "latent_mse_to_full": 0.03867945820093155, "seconds": 22.536840218002908, "kinds": {"F": 20, "C": 0, "G": 0, "O": 10}, "full": 900, "reuse": 300, "attn_only": 0, "ffn_only": 0}
{"phase": "confirm2", "prompt": 10, "seed": 4000, "method": "S5_Ow12_L4", "latent_mse_to_full": 0.017754703760147095, "seconds": 25.37777639098931, "kinds": {"F": 21, "C": 0, "G": 0, "O": 9}, "full": 1020, "reuse": 240, "attn_only": 0, "ffn_only": 0}
{"phase": "confirm2", "prompt": 10, "seed": 4000, "method": "S5_Ow8_L4", "latent_mse_to_full": 0.049592532217502594, "seconds": 21.156004176998977, "kinds": {"F": 19, "C": 0, "G": 0, "O": 11}, "full": 840, "reuse": 300, "attn_only": 0, "ffn_only": 0}
{"phase": "confirm2", "prompt": 10, "seed": 4000, "method": "S5_Ow10_L4_GI22", "latent_mse_to_full": 0.03671341389417648, "seconds": 21.304557882016525, "kinds": {"F": 16, "C": 0, "G": 4, "O": 10}, "full": 840, "reuse": 240, "attn_only": 0, "ffn_only": 0}
{"phase": "confirm2", "prompt": 10, "seed": 4000, "method": "S5_O3w10_B2", "latent_mse_to_full": 0.047530852258205414, "seconds": 20.876563188969158, "kinds": {"F": 17, "C": 0, "G": 0, "O": 13}, "full": 840, "reuse": 180, "attn_only": 0, "ffn_only": 0}
{"phase": "confirm2", "prompt": 10, "seed": 4000, "method": "S5_Ow10_L6", "latent_mse_to_full": 0.04323172569274902, "seconds": 21.295394846994895, "kinds": {"F": 20, "C": 0, "G": 0, "O": 10}, "full": 840, "reuse": 360, "attn_only": 0, "ffn_only": 0}
{"phase": "confirm2", "prompt": 10, "seed": 4000, "method": "S2_L6+OS", "latent_mse_to_full": 0.126616433262825, "seconds": 16.901549285976216, "kinds": {"F": 17, "C": 0, "G": 0, "O": 13}, "full": 660, "reuse": 360, "attn_only": 0, "ffn_only": 0}
{"phase": "confirm2", "prompt": 11, "seed": 3000, "method": "full", "latent_mse_to_full": 0.0, "seconds": 43.85150590597186, "kinds": {"F": 30, "C": 0, "G": 0, "O": 0}, "full": 1800, "reuse": 0, "attn_only": 0, "ffn_only": 0}
{"phase": "confirm2", "prompt": 11, "seed": 3000, "method": "full_perturb1e-2", "latent_mse_to_full": 0.007996002212166786, "seconds": 43.839273580990266, "kinds": {"F": 30, "C": 0, "G": 0, "O": 0}, "full": 1800, "reuse": 0, "attn_only": 0, "ffn_only": 0}
{"phase": "confirm2", "prompt": 11, "seed": 3000, "method": "steps14", "latent_mse_to_full": 0.2765788733959198, "seconds": 20.355298677983228, "kinds": {"F": 14, "C": 0, "G": 0, "O": 0}, "full": 840, "reuse": 0, "attn_only": 0, "ffn_only": 0}
{"phase": "confirm2", "prompt": 11, "seed": 3000, "method": "steps11", "latent_mse_to_full": 0.31777387857437134, "seconds": 15.963335299980827, "kinds": {"F": 11, "C": 0, "G": 0, "O": 0}, "full": 660, "reuse": 0, "attn_only": 0, "ffn_only": 0}
{"phase": "confirm2", "prompt": 11, "seed": 3000, "method": "BR_L4", "latent_mse_to_full": 0.023369891569018364, "seconds": 24.020399420987815, "kinds": {"F": 30, "C": 0, "G": 0, "O": 0}, "full": 900, "reuse": 900, "attn_only": 0, "ffn_only": 0}
{"phase": "confirm2", "prompt": 11, "seed": 3000, "method": "S5_Ow10_L4", "latent_mse_to_full": 0.02379826083779335, "seconds": 22.602584432985168, "kinds": {"F": 20, "C": 0, "G": 0, "O": 10}, "full": 900, "reuse": 300, "attn_only": 0, "ffn_only": 0}
{"phase": "confirm2", "prompt": 11, "seed": 3000, "method": "S5_Ow12_L4", "latent_mse_to_full": 0.009424353949725628, "seconds": 25.401720769004896, "kinds": {"F": 21, "C": 0, "G": 0, "O": 9}, "full": 1020, "reuse": 240, "attn_only": 0, "ffn_only": 0}
{"phase": "confirm2", "prompt": 11, "seed": 3000, "method": "S5_Ow8_L4", "latent_mse_to_full": 0.032391175627708435, "seconds": 21.133378767990507, "kinds": {"F": 19, "C": 0, "G": 0, "O": 11}, "full": 840, "reuse": 300, "attn_only": 0, "ffn_only": 0}
{"phase": "confirm2", "prompt": 11, "seed": 3000, "method": "S5_Ow10_L4_GI22", "latent_mse_to_full": 0.024941647425293922, "seconds": 21.243988448986784, "kinds": {"F": 16, "C": 0, "G": 4, "O": 10}, "full": 840, "reuse": 240, "attn_only": 0, "ffn_only": 0}
{"phase": "confirm2", "prompt": 11, "seed": 3000, "method": "S5_O3w10_B2", "latent_mse_to_full": 0.030761348083615303, "seconds": 20.859830575005617, "kinds": {"F": 17, "C": 0, "G": 0, "O": 13}, "full": 840, "reuse": 180, "attn_only": 0, "ffn_only": 0}
{"phase": "confirm2", "prompt": 11, "seed": 3000, "method": "S5_Ow10_L6", "latent_mse_to_full": 0.0313936285674572, "seconds": 21.274401388014667, "kinds": {"F": 20, "C": 0, "G": 0, "O": 10}, "full": 840, "reuse": 360, "attn_only": 0, "ffn_only": 0}
{"phase": "confirm2", "prompt": 11, "seed": 3000, "method": "S2_L6+OS", "latent_mse_to_full": 0.05543181300163269, "seconds": 16.87971310300054, "kinds": {"F": 17, "C": 0, "G": 0, "O": 13}, "full": 660, "reuse": 360, "attn_only": 0, "ffn_only": 0}
{"phase": "confirm2", "prompt": 11, "seed": 4000, "method": "full", "latent_mse_to_full": 0.0, "seconds": 43.912475923018064, "kinds": {"F": 30, "C": 0, "G": 0, "O": 0}, "full": 1800, "reuse": 0, "attn_only": 0, "ffn_only": 0}
{"phase": "confirm2", "prompt": 11, "seed": 4000, "method": "full_perturb1e-2", "latent_mse_to_full": 0.011382308788597584, "seconds": 43.675423451990355, "kinds": {"F": 30, "C": 0, "G": 0, "O": 0}, "full": 1800, "reuse": 0, "attn_only": 0, "ffn_only": 0}
{"phase": "confirm2", "prompt": 11, "seed": 4000, "method": "steps14", "latent_mse_to_full": 0.3000706434249878, "seconds": 20.395227430970408, "kinds": {"F": 14, "C": 0, "G": 0, "O": 0}, "full": 840, "reuse": 0, "attn_only": 0, "ffn_only": 0}
{"phase": "confirm2", "prompt": 11, "seed": 4000, "method": "steps11", "latent_mse_to_full": 0.31883007287979126, "seconds": 15.99930820002919, "kinds": {"F": 11, "C": 0, "G": 0, "O": 0}, "full": 660, "reuse": 0, "attn_only": 0, "ffn_only": 0}
{"phase": "confirm2", "prompt": 11, "seed": 4000, "method": "BR_L4", "latent_mse_to_full": 0.02480742335319519, "seconds": 23.870676547987387, "kinds": {"F": 30, "C": 0, "G": 0, "O": 0}, "full": 900, "reuse": 900, "attn_only": 0, "ffn_only": 0}
{"phase": "confirm2", "prompt": 11, "seed": 4000, "method": "S5_Ow10_L4", "latent_mse_to_full": 0.024219155311584473, "seconds": 22.55405169201549, "kinds": {"F": 20, "C": 0, "G": 0, "O": 10}, "full": 900, "reuse": 300, "attn_only": 0, "ffn_only": 0}
{"phase": "confirm2", "prompt": 11, "seed": 4000, "method": "S5_Ow12_L4", "latent_mse_to_full": 0.01579810492694378, "seconds": 25.386173729028087, "kinds": {"F": 21, "C": 0, "G": 0, "O": 9}, "full": 1020, "reuse": 240, "attn_only": 0, "ffn_only": 0}
{"phase": "confirm2", "prompt": 11, "seed": 4000, "method": "S5_Ow8_L4", "latent_mse_to_full": 0.03800158202648163, "seconds": 21.122326398966834, "kinds": {"F": 19, "C": 0, "G": 0, "O": 11}, "full": 840, "reuse": 300, "attn_only": 0, "ffn_only": 0}
{"phase": "confirm2", "prompt": 11, "seed": 4000, "method": "S5_Ow10_L4_GI22", "latent_mse_to_full": 0.026101436465978622, "seconds": 21.220243907009717, "kinds": {"F": 16, "C": 0, "G": 4, "O": 10}, "full": 840, "reuse": 240, "attn_only": 0, "ffn_only": 0}
{"phase": "confirm2", "prompt": 11, "seed": 4000, "method": "S5_O3w10_B2", "latent_mse_to_full": 0.03747209161520004, "seconds": 20.938929996977095, "kinds": {"F": 17, "C": 0, "G": 0, "O": 13}, "full": 840, "reuse": 180, "attn_only": 0, "ffn_only": 0}
{"phase": "confirm2", "prompt": 11, "seed": 4000, "method": "S5_Ow10_L6", "latent_mse_to_full": 0.038931164890527725, "seconds": 21.355838313000277, "kinds": {"F": 20, "C": 0, "G": 0, "O": 10}, "full": 840, "reuse": 360, "attn_only": 0, "ffn_only": 0}
{"phase": "confirm2", "prompt": 11, "seed": 4000, "method": "S2_L6+OS", "latent_mse_to_full": 0.08371499925851822, "seconds": 16.99574121501064, "kinds": {"F": 17, "C": 0, "G": 0, "O": 13}, "full": 660, "reuse": 360, "attn_only": 0, "ffn_only": 0}
{"phase": "confirm2", "prompt": 12, "seed": 3000, "method": "full", "latent_mse_to_full": 0.0, "seconds": 43.949886004964355, "kinds": {"F": 30, "C": 0, "G": 0, "O": 0}, "full": 1800, "reuse": 0, "attn_only": 0, "ffn_only": 0}
{"phase": "confirm2", "prompt": 12, "seed": 3000, "method": "full_perturb1e-2", "latent_mse_to_full": 0.0392911322414875, "seconds": 44.01545449899277, "kinds": {"F": 30, "C": 0, "G": 0, "O": 0}, "full": 1800, "reuse": 0, "attn_only": 0, "ffn_only": 0}
{"phase": "confirm2", "prompt": 12, "seed": 3000, "method": "steps14", "latent_mse_to_full": 0.773773729801178, "seconds": 20.518610110972077, "kinds": {"F": 14, "C": 0, "G": 0, "O": 0}, "full": 840, "reuse": 0, "attn_only": 0, "ffn_only": 0}
{"phase": "confirm2", "prompt": 12, "seed": 3000, "method": "steps11", "latent_mse_to_full": 0.8338799476623535, "seconds": 16.15629800298484, "kinds": {"F": 11, "C": 0, "G": 0, "O": 0}, "full": 660, "reuse": 0, "attn_only": 0, "ffn_only": 0}
{"phase": "confirm2", "prompt": 12, "seed": 3000, "method": "BR_L4", "latent_mse_to_full": 0.06632613390684128, "seconds": 24.070970563974697, "kinds": {"F": 30, "C": 0, "G": 0, "O": 0}, "full": 900, "reuse": 900, "attn_only": 0, "ffn_only": 0}
{"phase": "confirm2", "prompt": 12, "seed": 3000, "method": "S5_Ow10_L4", "latent_mse_to_full": 0.0658913403749466, "seconds": 22.686721453035716, "kinds": {"F": 20, "C": 0, "G": 0, "O": 10}, "full": 900, "reuse": 300, "attn_only": 0, "ffn_only": 0}
{"phase": "confirm2", "prompt": 12, "seed": 3000, "method": "S5_Ow12_L4", "latent_mse_to_full": 0.0403471402823925, "seconds": 25.474523883021902, "kinds": {"F": 21, "C": 0, "G": 0, "O": 9}, "full": 1020, "reuse": 240, "attn_only": 0, "ffn_only": 0}
{"phase": "confirm2", "prompt": 12, "seed": 3000, "method": "S5_Ow8_L4", "latent_mse_to_full": 0.11550755053758621, "seconds": 21.266918872017413, "kinds": {"F": 19, "C": 0, "G": 0, "O": 11}, "full": 840, "reuse": 300, "attn_only": 0, "ffn_only": 0}
{"phase": "confirm2", "prompt": 12, "seed": 3000, "method": "S5_Ow10_L4_GI22", "latent_mse_to_full": 0.0665922537446022, "seconds": 21.327621350996196, "kinds": {"F": 16, "C": 0, "G": 4, "O": 10}, "full": 840, "reuse": 240, "attn_only": 0, "ffn_only": 0}
{"phase": "confirm2", "prompt": 12, "seed": 3000, "method": "S5_O3w10_B2", "latent_mse_to_full": 0.08532603830099106, "seconds": 20.91441276797559, "kinds": {"F": 17, "C": 0, "G": 0, "O": 13}, "full": 840, "reuse": 180, "attn_only": 0, "ffn_only": 0}
{"phase": "confirm2", "prompt": 12, "seed": 3000, "method": "S5_Ow10_L6", "latent_mse_to_full": 0.08441836386919022, "seconds": 21.302202271996066, "kinds": {"F": 20, "C": 0, "G": 0, "O": 10}, "full": 840, "reuse": 360, "attn_only": 0, "ffn_only": 0}
{"phase": "confirm2", "prompt": 12, "seed": 3000, "method": "S2_L6+OS", "latent_mse_to_full": 0.22113491594791412, "seconds": 16.907469738973305, "kinds": {"F": 17, "C": 0, "G": 0, "O": 13}, "full": 660, "reuse": 360, "attn_only": 0, "ffn_only": 0}
{"phase": "confirm2", "prompt": 12, "seed": 4000, "method": "full", "latent_mse_to_full": 0.0, "seconds": 43.92114778899122, "kinds": {"F": 30, "C": 0, "G": 0, "O": 0}, "full": 1800, "reuse": 0, "attn_only": 0, "ffn_only": 0}
{"phase": "confirm2", "prompt": 12, "seed": 4000, "method": "full_perturb1e-2", "latent_mse_to_full": 0.030149398371577263, "seconds": 43.91401444503572, "kinds": {"F": 30, "C": 0, "G": 0, "O": 0}, "full": 1800, "reuse": 0, "attn_only": 0, "ffn_only": 0}
{"phase": "confirm2", "prompt": 12, "seed": 4000, "method": "steps14", "latent_mse_to_full": 1.0026829242706299, "seconds": 20.49790961900726, "kinds": {"F": 14, "C": 0, "G": 0, "O": 0}, "full": 840, "reuse": 0, "attn_only": 0, "ffn_only": 0}
{"phase": "confirm2", "prompt": 12, "seed": 4000, "method": "steps11", "latent_mse_to_full": 0.99671870470047, "seconds": 16.048066499992274, "kinds": {"F": 11, "C": 0, "G": 0, "O": 0}, "full": 660, "reuse": 0, "attn_only": 0, "ffn_only": 0}
{"phase": "confirm2", "prompt": 12, "seed": 4000, "method": "BR_L4", "latent_mse_to_full": 0.05096494033932686, "seconds": 24.02833263098728, "kinds": {"F": 30, "C": 0, "G": 0, "O": 0}, "full": 900, "reuse": 900, "attn_only": 0, "ffn_only": 0}
{"phase": "confirm2", "prompt": 12, "seed": 4000, "method": "S5_Ow10_L4", "latent_mse_to_full": 0.04965537413954735, "seconds": 22.596795033023227, "kinds": {"F": 20, "C": 0, "G": 0, "O": 10}, "full": 900, "reuse": 300, "attn_only": 0, "ffn_only": 0}
{"phase": "confirm2", "prompt": 12, "seed": 4000, "method": "S5_Ow12_L4", "latent_mse_to_full": 0.025976240634918213, "seconds": 25.485493113053963, "kinds": {"F": 21, "C": 0, "G": 0, "O": 9}, "full": 1020, "reuse": 240, "attn_only": 0, "ffn_only": 0}
{"phase": "confirm2", "prompt": 12, "seed": 4000, "method": "S5_Ow8_L4", "latent_mse_to_full": 0.09903250634670258, "seconds": 21.181835374969523, "kinds": {"F": 19, "C": 0, "G": 0, "O": 11}, "full": 840, "reuse": 300, "attn_only": 0, "ffn_only": 0}
{"phase": "confirm2", "prompt": 12, "seed": 4000, "method": "S5_Ow10_L4_GI22", "latent_mse_to_full": 0.05482734367251396, "seconds": 21.25819268001942, "kinds": {"F": 16, "C": 0, "G": 4, "O": 10}, "full": 840, "reuse": 240, "attn_only": 0, "ffn_only": 0}
{"phase": "confirm2", "prompt": 12, "seed": 4000, "method": "S5_O3w10_B2", "latent_mse_to_full": 0.06268372386693954, "seconds": 20.919402356026694, "kinds": {"F": 17, "C": 0, "G": 0, "O": 13}, "full": 840, "reuse": 180, "attn_only": 0, "ffn_only": 0}
{"phase": "confirm2", "prompt": 12, "seed": 4000, "method": "S5_Ow10_L6", "latent_mse_to_full": 0.06436750292778015, "seconds": 21.35527226398699, "kinds": {"F": 20, "C": 0, "G": 0, "O": 10}, "full": 840, "reuse": 360, "attn_only": 0, "ffn_only": 0}
{"phase": "confirm2", "prompt": 12, "seed": 4000, "method": "S2_L6+OS", "latent_mse_to_full": 0.18639947474002838, "seconds": 16.947140953037888, "kinds": {"F": 17, "C": 0, "G": 0, "O": 13}, "full": 660, "reuse": 360, "attn_only": 0, "ffn_only": 0}
{"phase": "confirm2", "prompt": 13, "seed": 3000, "method": "full", "latent_mse_to_full": 0.0, "seconds": 43.96497184102191, "kinds": {"F": 30, "C": 0, "G": 0, "O": 0}, "full": 1800, "reuse": 0, "attn_only": 0, "ffn_only": 0}
{"phase": "confirm2", "prompt": 13, "seed": 3000, "method": "full_perturb1e-2", "latent_mse_to_full": 0.004523706156760454, "seconds": 43.89012852899032, "kinds": {"F": 30, "C": 0, "G": 0, "O": 0}, "full": 1800, "reuse": 0, "attn_only": 0, "ffn_only": 0}
{"phase": "confirm2", "prompt": 13, "seed": 3000, "method": "steps14", "latent_mse_to_full": 0.11490625143051147, "seconds": 20.414461595006287, "kinds": {"F": 14, "C": 0, "G": 0, "O": 0}, "full": 840, "reuse": 0, "attn_only": 0, "ffn_only": 0}
{"phase": "confirm2", "prompt": 13, "seed": 3000, "method": "steps11", "latent_mse_to_full": 0.11654236167669296, "seconds": 16.034066870983224, "kinds": {"F": 11, "C": 0, "G": 0, "O": 0}, "full": 660, "reuse": 0, "attn_only": 0, "ffn_only": 0}
{"phase": "confirm2", "prompt": 13, "seed": 3000, "method": "BR_L4", "latent_mse_to_full": 0.009923462755978107, "seconds": 23.95063045399729, "kinds": {"F": 30, "C": 0, "G": 0, "O": 0}, "full": 900, "reuse": 900, "attn_only": 0, "ffn_only": 0}
{"phase": "confirm2", "prompt": 13, "seed": 3000, "method": "S5_Ow10_L4", "latent_mse_to_full": 0.00928772334009409, "seconds": 22.525931471027434, "kinds": {"F": 20, "C": 0, "G": 0, "O": 10}, "full": 900, "reuse": 300, "attn_only": 0, "ffn_only": 0}
{"phase": "confirm2", "prompt": 13, "seed": 3000, "method": "S5_Ow12_L4", "latent_mse_to_full": 0.00368479429744184, "seconds": 25.351828789978754, "kinds": {"F": 21, "C": 0, "G": 0, "O": 9}, "full": 1020, "reuse": 240, "attn_only": 0, "ffn_only": 0}
{"phase": "confirm2", "prompt": 13, "seed": 3000, "method": "S5_Ow8_L4", "latent_mse_to_full": 0.006492918822914362, "seconds": 21.138244469999336, "kinds": {"F": 19, "C": 0, "G": 0, "O": 11}, "full": 840, "reuse": 300, "attn_only": 0, "ffn_only": 0}
{"phase": "confirm2", "prompt": 13, "seed": 3000, "method": "S5_Ow10_L4_GI22", "latent_mse_to_full": 0.009219727478921413, "seconds": 21.246662034012843, "kinds": {"F": 16, "C": 0, "G": 4, "O": 10}, "full": 840, "reuse": 240, "attn_only": 0, "ffn_only": 0}
{"phase": "confirm2", "prompt": 13, "seed": 3000, "method": "S5_O3w10_B2", "latent_mse_to_full": 0.009548929519951344, "seconds": 20.776334066002164, "kinds": {"F": 17, "C": 0, "G": 0, "O": 13}, "full": 840, "reuse": 180, "attn_only": 0, "ffn_only": 0}
{"phase": "confirm2", "prompt": 13, "seed": 3000, "method": "S5_Ow10_L6", "latent_mse_to_full": 0.010390294715762138, "seconds": 21.39252958598081, "kinds": {"F": 20, "C": 0, "G": 0, "O": 10}, "full": 840, "reuse": 360, "attn_only": 0, "ffn_only": 0}
{"phase": "confirm2", "prompt": 13, "seed": 3000, "method": "S2_L6+OS", "latent_mse_to_full": 0.011734933592379093, "seconds": 16.782411252963357, "kinds": {"F": 17, "C": 0, "G": 0, "O": 13}, "full": 660, "reuse": 360, "attn_only": 0, "ffn_only": 0}
{"phase": "confirm2", "prompt": 13, "seed": 4000, "method": "full", "latent_mse_to_full": 0.0, "seconds": 43.882409401005134, "kinds": {"F": 30, "C": 0, "G": 0, "O": 0}, "full": 1800, "reuse": 0, "attn_only": 0, "ffn_only": 0}
{"phase": "confirm2", "prompt": 13, "seed": 4000, "method": "full_perturb1e-2", "latent_mse_to_full": 0.002221394097432494, "seconds": 43.90945933904732, "kinds": {"F": 30, "C": 0, "G": 0, "O": 0}, "full": 1800, "reuse": 0, "attn_only": 0, "ffn_only": 0}
{"phase": "confirm2", "prompt": 13, "seed": 4000, "method": "steps14", "latent_mse_to_full": 0.04324301332235336, "seconds": 20.43846911098808, "kinds": {"F": 14, "C": 0, "G": 0, "O": 0}, "full": 840, "reuse": 0, "attn_only": 0, "ffn_only": 0}
{"phase": "confirm2", "prompt": 13, "seed": 4000, "method": "steps11", "latent_mse_to_full": 0.04474599286913872, "seconds": 16.069407175004017, "kinds": {"F": 11, "C": 0, "G": 0, "O": 0}, "full": 660, "reuse": 0, "attn_only": 0, "ffn_only": 0}
{"phase": "confirm2", "prompt": 13, "seed": 4000, "method": "BR_L4", "latent_mse_to_full": 0.0069355727173388, "seconds": 23.93687646900071, "kinds": {"F": 30, "C": 0, "G": 0, "O": 0}, "full": 900, "reuse": 900, "attn_only": 0, "ffn_only": 0}
{"phase": "confirm2", "prompt": 13, "seed": 4000, "method": "S5_Ow10_L4", "latent_mse_to_full": 0.007216929458081722, "seconds": 22.541178122977726, "kinds": {"F": 20, "C": 0, "G": 0, "O": 10}, "full": 900, "reuse": 300, "attn_only": 0, "ffn_only": 0}
{"phase": "confirm2", "prompt": 13, "seed": 4000, "method": "S5_Ow12_L4", "latent_mse_to_full": 0.0033219479955732822, "seconds": 25.38693420100026, "kinds": {"F": 21, "C": 0, "G": 0, "O": 9}, "full": 1020, "reuse": 240, "attn_only": 0, "ffn_only": 0}
{"phase": "confirm2", "prompt": 13, "seed": 4000, "method": "S5_Ow8_L4", "latent_mse_to_full": 0.007745025679469109, "seconds": 21.174694741959684, "kinds": {"F": 19, "C": 0, "G": 0, "O": 11}, "full": 840, "reuse": 300, "attn_only": 0, "ffn_only": 0}
{"phase": "confirm2", "prompt": 13, "seed": 4000, "method": "S5_Ow10_L4_GI22", "latent_mse_to_full": 0.007622933480888605, "seconds": 21.227048177970573, "kinds": {"F": 16, "C": 0, "G": 4, "O": 10}, "full": 840, "reuse": 240, "attn_only": 0, "ffn_only": 0}
{"phase": "confirm2", "prompt": 13, "seed": 4000, "method": "S5_O3w10_B2", "latent_mse_to_full": 0.008337900042533875, "seconds": 20.830339231994003, "kinds": {"F": 17, "C": 0, "G": 0, "O": 13}, "full": 840, "reuse": 180, "attn_only": 0, "ffn_only": 0}
{"phase": "confirm2", "prompt": 13, "seed": 4000, "method": "S5_Ow10_L6", "latent_mse_to_full": 0.008033951744437218, "seconds": 21.290205554978456, "kinds": {"F": 20, "C": 0, "G": 0, "O": 10}, "full": 840, "reuse": 360, "attn_only": 0, "ffn_only": 0}
{"phase": "confirm2", "prompt": 13, "seed": 4000, "method": "S2_L6+OS", "latent_mse_to_full": 0.011550569906830788, "seconds": 16.860562128014863, "kinds": {"F": 17, "C": 0, "G": 0, "O": 13}, "full": 660, "reuse": 360, "attn_only": 0, "ffn_only": 0}
{"phase": "confirm2", "prompt": 14, "seed": 3000, "method": "full", "latent_mse_to_full": 0.0, "seconds": 43.898872966005, "kinds": {"F": 30, "C": 0, "G": 0, "O": 0}, "full": 1800, "reuse": 0, "attn_only": 0, "ffn_only": 0}
{"phase": "confirm2", "prompt": 14, "seed": 3000, "method": "full_perturb1e-2", "latent_mse_to_full": 0.012998087331652641, "seconds": 43.9070450309664, "kinds": {"F": 30, "C": 0, "G": 0, "O": 0}, "full": 1800, "reuse": 0, "attn_only": 0, "ffn_only": 0}
{"phase": "confirm2", "prompt": 14, "seed": 3000, "method": "steps14", "latent_mse_to_full": 0.6423401236534119, "seconds": 20.441484241979197, "kinds": {"F": 14, "C": 0, "G": 0, "O": 0}, "full": 840, "reuse": 0, "attn_only": 0, "ffn_only": 0}
{"phase": "confirm2", "prompt": 14, "seed": 3000, "method": "steps11", "latent_mse_to_full": 0.6401780843734741, "seconds": 16.041108306031674, "kinds": {"F": 11, "C": 0, "G": 0, "O": 0}, "full": 660, "reuse": 0, "attn_only": 0, "ffn_only": 0}
{"phase": "confirm2", "prompt": 14, "seed": 3000, "method": "BR_L4", "latent_mse_to_full": 0.017802134156227112, "seconds": 23.932939229067415, "kinds": {"F": 30, "C": 0, "G": 0, "O": 0}, "full": 900, "reuse": 900, "attn_only": 0, "ffn_only": 0}
{"phase": "confirm2", "prompt": 14, "seed": 3000, "method": "S5_Ow10_L4", "latent_mse_to_full": 0.014257493428885937, "seconds": 22.618128880974837, "kinds": {"F": 20, "C": 0, "G": 0, "O": 10}, "full": 900, "reuse": 300, "attn_only": 0, "ffn_only": 0}
{"phase": "confirm2", "prompt": 14, "seed": 3000, "method": "S5_Ow12_L4", "latent_mse_to_full": 0.006217987276613712, "seconds": 25.33922680094838, "kinds": {"F": 21, "C": 0, "G": 0, "O": 9}, "full": 1020, "reuse": 240, "attn_only": 0, "ffn_only": 0}
{"phase": "confirm2", "prompt": 14, "seed": 3000, "method": "S5_Ow8_L4", "latent_mse_to_full": 0.020267320796847343, "seconds": 21.15499659103807, "kinds": {"F": 19, "C": 0, "G": 0, "O": 11}, "full": 840, "reuse": 300, "attn_only": 0, "ffn_only": 0}
{"phase": "confirm2", "prompt": 14, "seed": 3000, "method": "S5_Ow10_L4_GI22", "latent_mse_to_full": 0.01981400139629841, "seconds": 21.249428795068525, "kinds": {"F": 16, "C": 0, "G": 4, "O": 10}, "full": 840, "reuse": 240, "attn_only": 0, "ffn_only": 0}
{"phase": "confirm2", "prompt": 14, "seed": 3000, "method": "S5_O3w10_B2", "latent_mse_to_full": 0.019135231152176857, "seconds": 20.86795217799954, "kinds": {"F": 17, "C": 0, "G": 0, "O": 13}, "full": 840, "reuse": 180, "attn_only": 0, "ffn_only": 0}
{"phase": "confirm2", "prompt": 14, "seed": 3000, "method": "S5_Ow10_L6", "latent_mse_to_full": 0.025461215525865555, "seconds": 21.2839946920285, "kinds": {"F": 20, "C": 0, "G": 0, "O": 10}, "full": 840, "reuse": 360, "attn_only": 0, "ffn_only": 0}
{"phase": "confirm2", "prompt": 14, "seed": 3000, "method": "S2_L6+OS", "latent_mse_to_full": 0.12152926623821259, "seconds": 16.87936926097609, "kinds": {"F": 17, "C": 0, "G": 0, "O": 13}, "full": 660, "reuse": 360, "attn_only": 0, "ffn_only": 0}
{"phase": "confirm2", "prompt": 14, "seed": 4000, "method": "full", "latent_mse_to_full": 0.0, "seconds": 43.81842299189884, "kinds": {"F": 30, "C": 0, "G": 0, "O": 0}, "full": 1800, "reuse": 0, "attn_only": 0, "ffn_only": 0}
{"phase": "confirm2", "prompt": 14, "seed": 4000, "method": "full_perturb1e-2", "latent_mse_to_full": 0.0032277561258524656, "seconds": 43.88515371805988, "kinds": {"F": 30, "C": 0, "G": 0, "O": 0}, "full": 1800, "reuse": 0, "attn_only": 0, "ffn_only": 0}
{"phase": "confirm2", "prompt": 14, "seed": 4000, "method": "steps14", "latent_mse_to_full": 0.4174279570579529, "seconds": 20.295701917028055, "kinds": {"F": 14, "C": 0, "G": 0, "O": 0}, "full": 840, "reuse": 0, "attn_only": 0, "ffn_only": 0}
{"phase": "confirm2", "prompt": 14, "seed": 4000, "method": "steps11", "latent_mse_to_full": 0.4741215407848358, "seconds": 16.03074433899019, "kinds": {"F": 11, "C": 0, "G": 0, "O": 0}, "full": 660, "reuse": 0, "attn_only": 0, "ffn_only": 0}
{"phase": "confirm2", "prompt": 14, "seed": 4000, "method": "BR_L4", "latent_mse_to_full": 0.023664435371756554, "seconds": 23.71156239300035, "kinds": {"F": 30, "C": 0, "G": 0, "O": 0}, "full": 900, "reuse": 900, "attn_only": 0, "ffn_only": 0}
{"phase": "confirm2", "prompt": 14, "seed": 4000, "method": "S5_Ow10_L4", "latent_mse_to_full": 0.02165176533162594, "seconds": 22.53992144903168, "kinds": {"F": 20, "C": 0, "G": 0, "O": 10}, "full": 900, "reuse": 300, "attn_only": 0, "ffn_only": 0}
{"phase": "confirm2", "prompt": 14, "seed": 4000, "method": "S5_Ow12_L4", "latent_mse_to_full": 0.006263032089918852, "seconds": 25.356902720057406, "kinds": {"F": 21, "C": 0, "G": 0, "O": 9}, "full": 1020, "reuse": 240, "attn_only": 0, "ffn_only": 0}
{"phase": "confirm2", "prompt": 14, "seed": 4000, "method": "S5_Ow8_L4", "latent_mse_to_full": 0.0319681391119957, "seconds": 21.140023731975816, "kinds": {"F": 19, "C": 0, "G": 0, "O": 11}, "full": 840, "reuse": 300, "attn_only": 0, "ffn_only": 0}
{"phase": "confirm2", "prompt": 14, "seed": 4000, "method": "S5_Ow10_L4_GI22", "latent_mse_to_full": 0.02521563693881035, "seconds": 21.2877174570458, "kinds": {"F": 16, "C": 0, "G": 4, "O": 10}, "full": 840, "reuse": 240, "attn_only": 0, "ffn_only": 0}
{"phase": "confirm2", "prompt": 14, "seed": 4000, "method": "S5_O3w10_B2", "latent_mse_to_full": 0.031091520562767982, "seconds": 20.936572975944728, "kinds": {"F": 17, "C": 0, "G": 0, "O": 13}, "full": 840, "reuse": 180, "attn_only": 0, "ffn_only": 0}
{"phase": "confirm2", "prompt": 14, "seed": 4000, "method": "S5_Ow10_L6", "latent_mse_to_full": 0.032445818185806274, "seconds": 21.383691504015587, "kinds": {"F": 20, "C": 0, "G": 0, "O": 10}, "full": 840, "reuse": 360, "attn_only": 0, "ffn_only": 0}
{"phase": "confirm2", "prompt": 14, "seed": 4000, "method": "S2_L6+OS", "latent_mse_to_full": 0.0595826581120491, "seconds": 16.947250538971275, "kinds": {"F": 17, "C": 0, "G": 0, "O": 13}, "full": 660, "reuse": 360, "attn_only": 0, "ffn_only": 0}
{"phase": "confirm2", "prompt": 15, "seed": 3000, "method": "full", "latent_mse_to_full": 0.0, "seconds": 44.009733685990795, "kinds": {"F": 30, "C": 0, "G": 0, "O": 0}, "full": 1800, "reuse": 0, "attn_only": 0, "ffn_only": 0}
{"phase": "confirm2", "prompt": 15, "seed": 3000, "method": "full_perturb1e-2", "latent_mse_to_full": 0.042180370539426804, "seconds": 44.01695722900331, "kinds": {"F": 30, "C": 0, "G": 0, "O": 0}, "full": 1800, "reuse": 0, "attn_only": 0, "ffn_only": 0}
{"phase": "confirm2", "prompt": 15, "seed": 3000, "method": "steps14", "latent_mse_to_full": 0.3021595776081085, "seconds": 20.54543268494308, "kinds": {"F": 14, "C": 0, "G": 0, "O": 0}, "full": 840, "reuse": 0, "attn_only": 0, "ffn_only": 0}
{"phase": "confirm2", "prompt": 15, "seed": 3000, "method": "steps11", "latent_mse_to_full": 0.3454071879386902, "seconds": 16.119039965909906, "kinds": {"F": 11, "C": 0, "G": 0, "O": 0}, "full": 660, "reuse": 0, "attn_only": 0, "ffn_only": 0}
{"phase": "confirm2", "prompt": 15, "seed": 3000, "method": "BR_L4", "latent_mse_to_full": 0.039377931505441666, "seconds": 24.138861696003005, "kinds": {"F": 30, "C": 0, "G": 0, "O": 0}, "full": 900, "reuse": 900, "attn_only": 0, "ffn_only": 0}
{"phase": "confirm2", "prompt": 15, "seed": 3000, "method": "S5_Ow10_L4", "latent_mse_to_full": 0.040213651955127716, "seconds": 22.69509624305647, "kinds": {"F": 20, "C": 0, "G": 0, "O": 10}, "full": 900, "reuse": 300, "attn_only": 0, "ffn_only": 0}
{"phase": "confirm2", "prompt": 15, "seed": 3000, "method": "S5_Ow12_L4", "latent_mse_to_full": 0.018493810668587685, "seconds": 25.52448098489549, "kinds": {"F": 21, "C": 0, "G": 0, "O": 9}, "full": 1020, "reuse": 240, "attn_only": 0, "ffn_only": 0}
{"phase": "confirm2", "prompt": 15, "seed": 3000, "method": "S5_Ow8_L4", "latent_mse_to_full": 0.05516944080591202, "seconds": 21.273147866944782, "kinds": {"F": 19, "C": 0, "G": 0, "O": 11}, "full": 840, "reuse": 300, "attn_only": 0, "ffn_only": 0}
{"phase": "confirm2", "prompt": 15, "seed": 3000, "method": "S5_Ow10_L4_GI22", "latent_mse_to_full": 0.03770230710506439, "seconds": 21.373532761004753, "kinds": {"F": 16, "C": 0, "G": 4, "O": 10}, "full": 840, "reuse": 240, "attn_only": 0, "ffn_only": 0}
{"phase": "confirm2", "prompt": 15, "seed": 3000, "method": "S5_O3w10_B2", "latent_mse_to_full": 0.049142107367515564, "seconds": 20.84872514696326, "kinds": {"F": 17, "C": 0, "G": 0, "O": 13}, "full": 840, "reuse": 180, "attn_only": 0, "ffn_only": 0}
{"phase": "confirm2", "prompt": 15, "seed": 3000, "method": "S5_Ow10_L6", "latent_mse_to_full": 0.04829883202910423, "seconds": 21.24836487194989, "kinds": {"F": 20, "C": 0, "G": 0, "O": 10}, "full": 840, "reuse": 360, "attn_only": 0, "ffn_only": 0}
{"phase": "confirm2", "prompt": 15, "seed": 3000, "method": "S2_L6+OS", "latent_mse_to_full": 0.28969115018844604, "seconds": 16.912728436058387, "kinds": {"F": 17, "C": 0, "G": 0, "O": 13}, "full": 660, "reuse": 360, "attn_only": 0, "ffn_only": 0}
{"phase": "confirm2", "prompt": 15, "seed": 4000, "method": "full", "latent_mse_to_full": 0.0, "seconds": 43.883571714977734, "kinds": {"F": 30, "C": 0, "G": 0, "O": 0}, "full": 1800, "reuse": 0, "attn_only": 0, "ffn_only": 0}
{"phase": "confirm2", "prompt": 15, "seed": 4000, "method": "full_perturb1e-2", "latent_mse_to_full": 0.010954266414046288, "seconds": 43.91354931506794, "kinds": {"F": 30, "C": 0, "G": 0, "O": 0}, "full": 1800, "reuse": 0, "attn_only": 0, "ffn_only": 0}
{"phase": "confirm2", "prompt": 15, "seed": 4000, "method": "steps14", "latent_mse_to_full": 0.25759291648864746, "seconds": 20.47259934595786, "kinds": {"F": 14, "C": 0, "G": 0, "O": 0}, "full": 840, "reuse": 0, "attn_only": 0, "ffn_only": 0}
{"phase": "confirm2", "prompt": 15, "seed": 4000, "method": "steps11", "latent_mse_to_full": 0.3363020718097687, "seconds": 16.085689733969048, "kinds": {"F": 11, "C": 0, "G": 0, "O": 0}, "full": 660, "reuse": 0, "attn_only": 0, "ffn_only": 0}
{"phase": "confirm2", "prompt": 15, "seed": 4000, "method": "BR_L4", "latent_mse_to_full": 0.029001634567975998, "seconds": 24.056778602069244, "kinds": {"F": 30, "C": 0, "G": 0, "O": 0}, "full": 900, "reuse": 900, "attn_only": 0, "ffn_only": 0}
{"phase": "confirm2", "prompt": 15, "seed": 4000, "method": "S5_Ow10_L4", "latent_mse_to_full": 0.02733508311212063, "seconds": 22.55486372404266, "kinds": {"F": 20, "C": 0, "G": 0, "O": 10}, "full": 900, "reuse": 300, "attn_only": 0, "ffn_only": 0}
{"phase": "confirm2", "prompt": 15, "seed": 4000, "method": "S5_Ow12_L4", "latent_mse_to_full": 0.012102972716093063, "seconds": 25.42199432302732, "kinds": {"F": 21, "C": 0, "G": 0, "O": 9}, "full": 1020, "reuse": 240, "attn_only": 0, "ffn_only": 0}
{"phase": "confirm2", "prompt": 15, "seed": 4000, "method": "S5_Ow8_L4", "latent_mse_to_full": 0.03346329927444458, "seconds": 21.18349162209779, "kinds": {"F": 19, "C": 0, "G": 0, "O": 11}, "full": 840, "reuse": 300, "attn_only": 0, "ffn_only": 0}
{"phase": "confirm2", "prompt": 15, "seed": 4000, "method": "S5_Ow10_L4_GI22", "latent_mse_to_full": 0.02729092538356781, "seconds": 21.27082562900614, "kinds": {"F": 16, "C": 0, "G": 4, "O": 10}, "full": 840, "reuse": 240, "attn_only": 0, "ffn_only": 0}
{"phase": "confirm2", "prompt": 15, "seed": 4000, "method": "S5_O3w10_B2", "latent_mse_to_full": 0.03399740532040596, "seconds": 20.867842774023302, "kinds": {"F": 17, "C": 0, "G": 0, "O": 13}, "full": 840, "reuse": 180, "attn_only": 0, "ffn_only": 0}
{"phase": "confirm2", "prompt": 15, "seed": 4000, "method": "S5_Ow10_L6", "latent_mse_to_full": 0.03505314514040947, "seconds": 21.327503788052127, "kinds": {"F": 20, "C": 0, "G": 0, "O": 10}, "full": 840, "reuse": 360, "attn_only": 0, "ffn_only": 0}
{"phase": "confirm2", "prompt": 15, "seed": 4000, "method": "S2_L6+OS", "latent_mse_to_full": 0.0699286013841629, "seconds": 16.850356267997995, "kinds": {"F": 17, "C": 0, "G": 0, "O": 13}, "full": 660, "reuse": 360, "attn_only": 0, "ffn_only": 0}
The config attributes {'invert_scale_latents': False} were passed to AutoencoderKLCogVideoX, but are not expected and will be ignored. Please verify your config.json configuration file.
{"phase": "confirm2", "prompt": 8, "seed": 3000, "method": "full", "clip_score": 27.5625, "frame_consistency": 0.9912109375, "motion": 0.02167287841439247, "sharpness": 0.0007923462544567883, "psnr_to_full": null, "temporal_delta_error": 0.0}
{"phase": "confirm2", "prompt": 8, "seed": 3000, "method": "BR_L4", "clip_score": 27.703125, "frame_consistency": 0.990234375, "motion": 0.02285933680832386, "sharpness": 0.0009650594438426197, "psnr_to_full": 32.65915886849198, "temporal_delta_error": 0.0006612918223254383}
{"phase": "confirm2", "prompt": 8, "seed": 3000, "method": "S2_L6+OS", "clip_score": 28.21875, "frame_consistency": 0.990234375, "motion": 0.021997841075062752, "sharpness": 0.0008825054974295199, "psnr_to_full": 25.90656035160798, "temporal_delta_error": 0.002684794133529067}
{"phase": "confirm2", "prompt": 8, "seed": 3000, "method": "S5_O3w10_B2", "clip_score": 28.046875, "frame_consistency": 0.99169921875, "motion": 0.02206745371222496, "sharpness": 0.0008014692575670779, "psnr_to_full": 31.287793050613907, "temporal_delta_error": 0.0010778787545859814}
{"phase": "confirm2", "prompt": 8, "seed": 3000, "method": "S5_Ow10_L4", "clip_score": 27.828125, "frame_consistency": 0.990234375, "motion": 0.02295277826488018, "sharpness": 0.0009560442413203418, "psnr_to_full": 32.75331747779162, "temporal_delta_error": 0.0006576573359780014}
{"phase": "confirm2", "prompt": 8, "seed": 3000, "method": "S5_Ow10_L4_GI22", "clip_score": 27.421875, "frame_consistency": 0.9912109375, "motion": 0.022474000230431557, "sharpness": 0.0009210236603394151, "psnr_to_full": 32.09560945959653, "temporal_delta_error": 0.0007755575934424996}
{"phase": "confirm2", "prompt": 8, "seed": 3000, "method": "S5_Ow10_L6", "clip_score": 28.09375, "frame_consistency": 0.99072265625, "motion": 0.021537749096751213, "sharpness": 0.0007556796772405505, "psnr_to_full": 31.367329138265102, "temporal_delta_error": 0.0010682824067771435}
{"phase": "confirm2", "prompt": 8, "seed": 3000, "method": "S5_Ow12_L4", "clip_score": 27.296875, "frame_consistency": 0.9921875, "motion": 0.021453501656651497, "sharpness": 0.0008219126029871404, "psnr_to_full": 36.266362984452016, "temporal_delta_error": 0.0003510807582642883}
{"phase": "confirm2", "prompt": 8, "seed": 3000, "method": "S5_Ow8_L4", "clip_score": 27.34375, "frame_consistency": 0.9921875, "motion": 0.019922029227018356, "sharpness": 0.0007943203090690076, "psnr_to_full": 29.71218901723686, "temporal_delta_error": 0.0015317900106310844}
{"phase": "confirm2", "prompt": 8, "seed": 3000, "method": "full_perturb1e-2", "clip_score": 27.59375, "frame_consistency": 0.99072265625, "motion": 0.021632514894008636, "sharpness": 0.000793266633991152, "psnr_to_full": 35.177172829249706, "temporal_delta_error": 0.000522606773301959}
{"phase": "confirm2", "prompt": 8, "seed": 3000, "method": "steps11", "clip_score": 28.34375, "frame_consistency": 0.98974609375, "motion": 0.014481180347502232, "sharpness": 0.00022008497035130858, "psnr_to_full": 12.42809254353227, "temporal_delta_error": 0.005500064697116613}
{"phase": "confirm2", "prompt": 8, "seed": 3000, "method": "steps14", "clip_score": 27.5625, "frame_consistency": 0.9921875, "motion": 0.01541541051119566, "sharpness": 0.0004757796705234796, "psnr_to_full": 14.72712045017622, "temporal_delta_error": 0.004186732694506645}
{"phase": "confirm2", "prompt": 8, "seed": 4000, "method": "full", "clip_score": 26.734375, "frame_consistency": 0.9892578125, "motion": 0.04160575196146965, "sharpness": 0.000737303402274847, "psnr_to_full": null, "temporal_delta_error": 0.0}
{"phase": "confirm2", "prompt": 8, "seed": 4000, "method": "BR_L4", "clip_score": 27.3125, "frame_consistency": 0.990234375, "motion": 0.04431721568107605, "sharpness": 0.0009214981109835207, "psnr_to_full": 28.0798456602804, "temporal_delta_error": 0.0025217479560524225}
{"phase": "confirm2", "prompt": 8, "seed": 4000, "method": "S2_L6+OS", "clip_score": 27.21875, "frame_consistency": 0.98876953125, "motion": 0.040784649550914764, "sharpness": 0.0007469546399079263, "psnr_to_full": 19.962213700543153, "temporal_delta_error": 0.010082238353788853}
{"phase": "confirm2", "prompt": 8, "seed": 4000, "method": "S5_O3w10_B2", "clip_score": 27.265625, "frame_consistency": 0.98828125, "motion": 0.043134842067956924, "sharpness": 0.0009103499469347298, "psnr_to_full": 26.221031432514312, "temporal_delta_error": 0.0039950525388121605}
{"phase": "confirm2", "prompt": 8, "seed": 4000, "method": "S5_Ow10_L4", "clip_score": 27.46875, "frame_consistency": 0.990234375, "motion": 0.043954718858003616, "sharpness": 0.0009427793556824327, "psnr_to_full": 27.556101442421873, "temporal_delta_error": 0.002876901300624013}
{"phase": "confirm2", "prompt": 8, "seed": 4000, "method": "S5_Ow10_L4_GI22", "clip_score": 27.09375, "frame_consistency": 0.990234375, "motion": 0.04332561790943146, "sharpness": 0.0009056379203684628, "psnr_to_full": 27.422666413365743, "temporal_delta_error": 0.00296896998770535}
{"phase": "confirm2", "prompt": 8, "seed": 4000, "method": "S5_Ow10_L6", "clip_score": 27.078125, "frame_consistency": 0.98876953125, "motion": 0.04227754846215248, "sharpness": 0.0008652914548292756, "psnr_to_full": 26.895983251022606, "temporal_delta_error": 0.0034198355861008167}
{"phase": "confirm2", "prompt": 8, "seed": 4000, "method": "S5_Ow12_L4", "clip_score": 26.53125, "frame_consistency": 0.990234375, "motion": 0.04201069846749306, "sharpness": 0.0007245830493047833, "psnr_to_full": 32.590764754340306, "temporal_delta_error": 0.0010019890032708645}
{"phase": "confirm2", "prompt": 8, "seed": 4000, "method": "S5_Ow8_L4", "clip_score": 27.25, "frame_consistency": 0.98876953125, "motion": 0.041906800121068954, "sharpness": 0.0008066279115155339, "psnr_to_full": 24.44950439370504, "temporal_delta_error": 0.006122607737779617}
{"phase": "confirm2", "prompt": 8, "seed": 4000, "method": "full_perturb1e-2", "clip_score": 26.65625, "frame_consistency": 0.9892578125, "motion": 0.041482094675302505, "sharpness": 0.0007680640555918217, "psnr_to_full": 30.258263080897088, "temporal_delta_error": 0.001474261749535799}
{"phase": "confirm2", "prompt": 8, "seed": 4000, "method": "steps11", "clip_score": 27.90625, "frame_consistency": 0.9912109375, "motion": 0.011561655439436436, "sharpness": 0.0001323480246355757, "psnr_to_full": 10.722637918380485, "temporal_delta_error": 0.015668325126171112}
{"phase": "confirm2", "prompt": 8, "seed": 4000, "method": "steps14", "clip_score": 28.296875, "frame_consistency": 0.98779296875, "motion": 0.019550185650587082, "sharpness": 0.00027453922666609287, "psnr_to_full": 12.154514995265309, "temporal_delta_error": 0.01680370233952999}
{"phase": "confirm2", "prompt": 9, "seed": 3000, "method": "full", "clip_score": 27.8125, "frame_consistency": 0.99951171875, "motion": 0.007825298234820366, "sharpness": 0.018244057893753052, "psnr_to_full": null, "temporal_delta_error": 0.0}
{"phase": "confirm2", "prompt": 9, "seed": 3000, "method": "BR_L4", "clip_score": 28.484375, "frame_consistency": 0.99853515625, "motion": 0.00827624462544918, "sharpness": 0.019958272576332092, "psnr_to_full": 31.784344775451082, "temporal_delta_error": 8.161146251950413e-05}
{"phase": "confirm2", "prompt": 9, "seed": 3000, "method": "S2_L6+OS", "clip_score": 28.09375, "frame_consistency": 0.9990234375, "motion": 0.007980730384588242, "sharpness": 0.01858816109597683, "psnr_to_full": 29.060240291349572, "temporal_delta_error": 0.00010083925735671073}
{"phase": "confirm2", "prompt": 9, "seed": 3000, "method": "S5_O3w10_B2", "clip_score": 27.8125, "frame_consistency": 0.9990234375, "motion": 0.00788189098238945, "sharpness": 0.018465939909219742, "psnr_to_full": 32.202763436275234, "temporal_delta_error": 5.2037943532923236e-05}
{"phase": "confirm2", "prompt": 9, "seed": 3000, "method": "S5_Ow10_L4", "clip_score": 28.34375, "frame_consistency": 0.99853515625, "motion": 0.008228857070207596, "sharpness": 0.01989772357046604, "psnr_to_full": 32.86501309339532, "temporal_delta_error": 5.988963312120177e-05}
{"phase": "confirm2", "prompt": 9, "seed": 3000, "method": "S5_Ow10_L4_GI22", "clip_score": 27.78125, "frame_consistency": 0.9990234375, "motion": 0.007872229442000389, "sharpness": 0.02015983685851097, "psnr_to_full": 30.719152736673383, "temporal_delta_error": 6.679693615296856e-05}
{"phase": "confirm2", "prompt": 9, "seed": 3000, "method": "S5_Ow10_L6", "clip_score": 28.09375, "frame_consistency": 0.99853515625, "motion": 0.008044089190661907, "sharpness": 0.0179301630705595, "psnr_to_full": 30.413842567282792, "temporal_delta_error": 8.352137228939682e-05}
{"phase": "confirm2", "prompt": 9, "seed": 3000, "method": "S5_Ow12_L4", "clip_score": 27.953125, "frame_consistency": 0.9990234375, "motion": 0.007851625792682171, "sharpness": 0.018623605370521545, "psnr_to_full": 36.651443065920816, "temporal_delta_error": 1.901385621749796e-05}
{"phase": "confirm2", "prompt": 9, "seed": 3000, "method": "S5_Ow8_L4", "clip_score": 28.15625, "frame_consistency": 0.9990234375, "motion": 0.007634581997990608, "sharpness": 0.017819486558437347, "psnr_to_full": 33.625768943764946, "temporal_delta_error": 2.821541602315847e-05}
{"phase": "confirm2", "prompt": 9, "seed": 3000, "method": "full_perturb1e-2", "clip_score": 27.734375, "frame_consistency": 0.9990234375, "motion": 0.007777122780680656, "sharpness": 0.018349824473261833, "psnr_to_full": 42.42903693494323, "temporal_delta_error": 3.5387838579481468e-06}
{"phase": "confirm2", "prompt": 9, "seed": 3000, "method": "steps11", "clip_score": 28.171875, "frame_consistency": 0.9990234375, "motion": 0.0014274222776293755, "sharpness": 0.0018146412912756205, "psnr_to_full": 16.423517030571016, "temporal_delta_error": 0.00023805550881661475}
{"phase": "confirm2", "prompt": 9, "seed": 3000, "method": "steps14", "clip_score": 28.0, "frame_consistency": 0.99951171875, "motion": 0.0012443148298189044, "sharpness": 0.005422713700681925, "psnr_to_full": 17.536449735631226, "temporal_delta_error": 0.0002410130837233737}
{"phase": "confirm2", "prompt": 9, "seed": 4000, "method": "full", "clip_score": 26.34375, "frame_consistency": 0.998046875, "motion": 0.00945629645138979, "sharpness": 0.015811193734407425, "psnr_to_full": null, "temporal_delta_error": 0.0}
{"phase": "confirm2", "prompt": 9, "seed": 4000, "method": "BR_L4", "clip_score": 27.265625, "frame_consistency": 0.9970703125, "motion": 0.010183499194681644, "sharpness": 0.017089173197746277, "psnr_to_full": 31.54372084302527, "temporal_delta_error": 9.339296229882166e-05}
{"phase": "confirm2", "prompt": 9, "seed": 4000, "method": "S2_L6+OS", "clip_score": 27.53125, "frame_consistency": 0.99560546875, "motion": 0.009801099076867104, "sharpness": 0.015202496200799942, "psnr_to_full": 29.888350915003443, "temporal_delta_error": 0.0001132224133471027}
{"phase": "confirm2", "prompt": 9, "seed": 4000, "method": "S5_O3w10_B2", "clip_score": 27.0, "frame_consistency": 0.99658203125, "motion": 0.009817554615437984, "sharpness": 0.015416904352605343, "psnr_to_full": 32.25433122888263, "temporal_delta_error": 6.751015462214127e-05}
{"phase": "confirm2", "prompt": 9, "seed": 4000, "method": "S5_Ow10_L4", "clip_score": 27.03125, "frame_consistency": 0.99755859375, "motion": 0.01005207747220993, "sharpness": 0.017211835831403732, "psnr_to_full": 32.712503887216734, "temporal_delta_error": 6.556005246238783e-05}
{"phase": "confirm2", "prompt": 9, "seed": 4000, "method": "S5_Ow10_L4_GI22", "clip_score": 27.3125, "frame_consistency": 0.998046875, "motion": 0.009754056110978127, "sharpness": 0.016749652102589607, "psnr_to_full": 31.06464795731883, "temporal_delta_error": 7.169427408371121e-05}
{"phase": "confirm2", "prompt": 9, "seed": 4000, "method": "S5_Ow10_L6", "clip_score": 27.421875, "frame_consistency": 0.99609375, "motion": 0.009930027648806572, "sharpness": 0.0149551872164011, "psnr_to_full": 30.721883803267144, "temporal_delta_error": 9.97419556370005e-05}
{"phase": "confirm2", "prompt": 9, "seed": 4000, "method": "S5_Ow12_L4", "clip_score": 26.59375, "frame_consistency": 0.99853515625, "motion": 0.009548204950988293, "sharpness": 0.015765761956572533, "psnr_to_full": 36.9275311455148, "temporal_delta_error": 2.349263013456948e-05}
{"phase": "confirm2", "prompt": 9, "seed": 4000, "method": "S5_Ow8_L4", "clip_score": 26.8125, "frame_consistency": 0.998046875, "motion": 0.009394706226885319, "sharpness": 0.01502359751611948, "psnr_to_full": 34.26920811019044, "temporal_delta_error": 4.617121157934889e-05}
{"phase": "confirm2", "prompt": 9, "seed": 4000, "method": "full_perturb1e-2", "clip_score": 26.375, "frame_consistency": 0.998046875, "motion": 0.009435618296265602, "sharpness": 0.015858976170420647, "psnr_to_full": 47.08971009772028, "temporal_delta_error": 2.284907395733171e-06}
{"phase": "confirm2", "prompt": 9, "seed": 4000, "method": "steps11", "clip_score": 26.78125, "frame_consistency": 0.99658203125, "motion": 0.001258157892152667, "sharpness": 0.0013941803481429815, "psnr_to_full": 13.242744852429663, "temporal_delta_error": 0.0005741735803894699}
{"phase": "confirm2", "prompt": 9, "seed": 4000, "method": "steps14", "clip_score": 28.765625, "frame_consistency": 0.99951171875, "motion": 0.0013483383227139711, "sharpness": 0.005499020218849182, "psnr_to_full": 14.747363656269798, "temporal_delta_error": 0.0005703198839910328}
{"phase": "confirm2", "prompt": 10, "seed": 3000, "method": "full", "clip_score": 26.828125, "frame_consistency": 0.97021484375, "motion": 0.06461896747350693, "sharpness": 0.00012656970648095012, "psnr_to_full": null, "temporal_delta_error": 0.0}
{"phase": "confirm2", "prompt": 10, "seed": 3000, "method": "BR_L4", "clip_score": 26.125, "frame_consistency": 0.96484375, "motion": 0.07005906850099564, "sharpness": 0.0001267403713427484, "psnr_to_full": 28.59855699212849, "temporal_delta_error": 0.002255956409499049}
{"phase": "confirm2", "prompt": 10, "seed": 3000, "method": "S2_L6+OS", "clip_score": 25.875, "frame_consistency": 0.97265625, "motion": 0.06195630133152008, "sharpness": 0.0001411348202964291, "psnr_to_full": 18.30765727747188, "temporal_delta_error": 0.019225038588047028}
{"phase": "confirm2", "prompt": 10, "seed": 3000, "method": "S5_O3w10_B2", "clip_score": 26.296875, "frame_consistency": 0.96923828125, "motion": 0.06585043668746948, "sharpness": 0.00011179329158039764, "psnr_to_full": 27.073831473808735, "temporal_delta_error": 0.0033250523265451193}
{"phase": "confirm2", "prompt": 10, "seed": 3000, "method": "S5_Ow10_L4", "clip_score": 26.65625, "frame_consistency": 0.9716796875, "motion": 0.06971414387226105, "sharpness": 0.00012976540892850608, "psnr_to_full": 28.702263203685746, "temporal_delta_error": 0.0022672973573207855}
{"phase": "confirm2", "prompt": 10, "seed": 3000, "method": "S5_Ow10_L4_GI22", "clip_score": 25.953125, "frame_consistency": 0.97021484375, "motion": 0.06974529474973679, "sharpness": 0.00011876073403982446, "psnr_to_full": 28.472300543862744, "temporal_delta_error": 0.0024267889093607664}
{"phase": "confirm2", "prompt": 10, "seed": 3000, "method": "S5_Ow10_L6", "clip_score": 26.5625, "frame_consistency": 0.9716796875, "motion": 0.06452461332082748, "sharpness": 0.00010851142724277452, "psnr_to_full": 27.32062752488369, "temporal_delta_error": 0.003131263889372349}
{"phase": "confirm2", "prompt": 10, "seed": 3000, "method": "S5_Ow12_L4", "clip_score": 26.984375, "frame_consistency": 0.9677734375, "motion": 0.06475304812192917, "sharpness": 0.00012430650531314313, "psnr_to_full": 30.62458660004797, "temporal_delta_error": 0.0015405581798404455}
{"phase": "confirm2", "prompt": 10, "seed": 3000, "method": "S5_Ow8_L4", "clip_score": 26.640625, "frame_consistency": 0.9609375, "motion": 0.06383318454027176, "sharpness": 0.00012915174011141062, "psnr_to_full": 24.66547835983157, "temporal_delta_error": 0.005357998423278332}
{"phase": "confirm2", "prompt": 10, "seed": 3000, "method": "full_perturb1e-2", "clip_score": 26.8125, "frame_consistency": 0.97509765625, "motion": 0.06397200375795364, "sharpness": 0.00011473316408228129, "psnr_to_full": 24.07072990200905, "temporal_delta_error": 0.006608716212213039}
{"phase": "confirm2", "prompt": 10, "seed": 3000, "method": "steps11", "clip_score": 29.65625, "frame_consistency": 0.9697265625, "motion": 0.0454145148396492, "sharpness": 8.30573117127642e-05, "psnr_to_full": 10.668267104397797, "temporal_delta_error": 0.02788156270980835}
{"phase": "confirm2", "prompt": 10, "seed": 3000, "method": "steps14", "clip_score": 29.78125, "frame_consistency": 0.98388671875, "motion": 0.060511086136102676, "sharpness": 9.336344373878092e-05, "psnr_to_full": 10.726648563407025, "temporal_delta_error": 0.032161299139261246}
{"phase": "confirm2", "prompt": 10, "seed": 4000, "method": "full", "clip_score": 29.90625, "frame_consistency": 0.97021484375, "motion": 0.04833213984966278, "sharpness": 0.0001347520446870476, "psnr_to_full": null, "temporal_delta_error": 0.0}
{"phase": "confirm2", "prompt": 10, "seed": 4000, "method": "BR_L4", "clip_score": 30.03125, "frame_consistency": 0.96923828125, "motion": 0.05233365669846535, "sharpness": 0.00012720763334073126, "psnr_to_full": 27.82461090704907, "temporal_delta_error": 0.002804908435791731}
{"phase": "confirm2", "prompt": 10, "seed": 4000, "method": "S2_L6+OS", "clip_score": 30.125, "frame_consistency": 0.96533203125, "motion": 0.049254193902015686, "sharpness": 7.250780618051067e-05, "psnr_to_full": 21.379426857352563, "temporal_delta_error": 0.010128883644938469}
{"phase": "confirm2", "prompt": 10, "seed": 4000, "method": "S5_O3w10_B2", "clip_score": 29.59375, "frame_consistency": 0.96923828125, "motion": 0.04945993423461914, "sharpness": 0.00010757084237411618, "psnr_to_full": 26.348594879962132, "temporal_delta_error": 0.0037081013433635235}
{"phase": "confirm2", "prompt": 10, "seed": 4000, "method": "S5_Ow10_L4", "clip_score": 29.90625, "frame_consistency": 0.96630859375, "motion": 0.05252896249294281, "sharpness": 0.0001284954632865265, "psnr_to_full": 27.28342354274945, "temporal_delta_error": 0.0031238326337188482}
{"phase": "confirm2", "prompt": 10, "seed": 4000, "method": "S5_Ow10_L4_GI22", "clip_score": 29.78125, "frame_consistency": 0.96875, "motion": 0.052114568650722504, "sharpness": 0.0001296535338042304, "psnr_to_full": 27.44276726179352, "temporal_delta_error": 0.0029923412948846817}
{"phase": "confirm2", "prompt": 10, "seed": 4000, "method": "S5_Ow10_L6", "clip_score": 29.5, "frame_consistency": 0.9658203125, "motion": 0.048499610275030136, "sharpness": 0.0001032124346238561, "psnr_to_full": 27.083151977380304, "temporal_delta_error": 0.0033057916443794966}
{"phase": "confirm2", "prompt": 10, "seed": 4000, "method": "S5_Ow12_L4", "clip_score": 30.21875, "frame_consistency": 0.97021484375, "motion": 0.04913153871893883, "sharpness": 0.00012690127186942846, "psnr_to_full": 31.7546813465688, "temporal_delta_error": 0.0012219713535159826}
{"phase": "confirm2", "prompt": 10, "seed": 4000, "method": "S5_Ow8_L4", "clip_score": 29.875, "frame_consistency": 0.9580078125, "motion": 0.048445913940668106, "sharpness": 0.00013038780889473855, "psnr_to_full": 25.966770224700248, "temporal_delta_error": 0.004017139784991741}
{"phase": "confirm2", "prompt": 10, "seed": 4000, "method": "full_perturb1e-2", "clip_score": 29.859375, "frame_consistency": 0.96240234375, "motion": 0.04941137135028839, "sharpness": 0.00012114136188756675, "psnr_to_full": 27.475232117199436, "temporal_delta_error": 0.003091338789090514}
{"phase": "confirm2", "prompt": 10, "seed": 4000, "method": "steps11", "clip_score": 30.171875, "frame_consistency": 0.98046875, "motion": 0.018734771758317947, "sharpness": 3.146072049275972e-05, "psnr_to_full": 12.397573530229376, "temporal_delta_error": 0.015074320137500763}
{"phase": "confirm2", "prompt": 10, "seed": 4000, "method": "steps14", "clip_score": 31.90625, "frame_consistency": 0.9833984375, "motion": 0.024356799200177193, "sharpness": 4.1970681195380166e-05, "psnr_to_full": 13.214091195463787, "temporal_delta_error": 0.0164268147200346}
{"phase": "confirm2", "prompt": 11, "seed": 3000, "method": "full", "clip_score": 28.34375, "frame_consistency": 0.9892578125, "motion": 0.021636543795466423, "sharpness": 0.003064785385504365, "psnr_to_full": null, "temporal_delta_error": 0.0}
{"phase": "confirm2", "prompt": 11, "seed": 3000, "method": "BR_L4", "clip_score": 29.34375, "frame_consistency": 0.990234375, "motion": 0.022777359932661057, "sharpness": 0.00336042745038867, "psnr_to_full": 30.97204817057484, "temporal_delta_error": 0.0007410240359604359}
{"phase": "confirm2", "prompt": 11, "seed": 3000, "method": "S2_L6+OS", "clip_score": 28.4375, "frame_consistency": 0.98681640625, "motion": 0.021004755049943924, "sharpness": 0.0032309836242347956, "psnr_to_full": 27.054153020050194, "temporal_delta_error": 0.0018212608993053436}
{"phase": "confirm2", "prompt": 11, "seed": 3000, "method": "S5_O3w10_B2", "clip_score": 28.8125, "frame_consistency": 0.9892578125, "motion": 0.021758539602160454, "sharpness": 0.003058837726712227, "psnr_to_full": 29.82585304543532, "temporal_delta_error": 0.0010095679899677634}
{"phase": "confirm2", "prompt": 11, "seed": 3000, "method": "S5_Ow10_L4", "clip_score": 29.21875, "frame_consistency": 0.990234375, "motion": 0.02304953709244728, "sharpness": 0.003445310750976205, "psnr_to_full": 30.928633659486344, "temporal_delta_error": 0.0007799198501743376}
{"phase": "confirm2", "prompt": 11, "seed": 3000, "method": "S5_Ow10_L4_GI22", "clip_score": 28.546875, "frame_consistency": 0.9892578125, "motion": 0.02259661816060543, "sharpness": 0.0034636373165994883, "psnr_to_full": 30.601536984529524, "temporal_delta_error": 0.0008268948295153677}
{"phase": "confirm2", "prompt": 11, "seed": 3000, "method": "S5_Ow10_L6", "clip_score": 28.78125, "frame_consistency": 0.9892578125, "motion": 0.02121110074222088, "sharpness": 0.002837863750755787, "psnr_to_full": 29.992379728486668, "temporal_delta_error": 0.0009187831892631948}
{"phase": "confirm2", "prompt": 11, "seed": 3000, "method": "S5_Ow12_L4", "clip_score": 28.90625, "frame_consistency": 0.98876953125, "motion": 0.02171826921403408, "sharpness": 0.0030376173090189695, "psnr_to_full": 36.152033871828685, "temporal_delta_error": 0.0002718350733630359}
{"phase": "confirm2", "prompt": 11, "seed": 3000, "method": "S5_Ow8_L4", "clip_score": 27.734375, "frame_consistency": 0.9892578125, "motion": 0.020940450951457024, "sharpness": 0.003244078950956464, "psnr_to_full": 30.63036056997567, "temporal_delta_error": 0.0010052359430119395}
{"phase": "confirm2", "prompt": 11, "seed": 3000, "method": "full_perturb1e-2", "clip_score": 28.828125, "frame_consistency": 0.9892578125, "motion": 0.021691758185625076, "sharpness": 0.0029927552677690983, "psnr_to_full": 36.32008414987432, "temporal_delta_error": 0.0002721993951126933}
{"phase": "confirm2", "prompt": 11, "seed": 3000, "method": "steps11", "clip_score": 26.09375, "frame_consistency": 0.994140625, "motion": 0.01801474019885063, "sharpness": 0.0050258394330739975, "psnr_to_full": 17.244726119238038, "temporal_delta_error": 0.003317935625091195}
{"phase": "confirm2", "prompt": 11, "seed": 3000, "method": "steps14", "clip_score": 25.734375, "frame_consistency": 0.9931640625, "motion": 0.016551164910197258, "sharpness": 0.004420868121087551, "psnr_to_full": 17.721056087768865, "temporal_delta_error": 0.0031205161940306425}
{"phase": "confirm2", "prompt": 11, "seed": 4000, "method": "full", "clip_score": 29.5625, "frame_consistency": 0.99560546875, "motion": 0.014185044914484024, "sharpness": 0.002913720440119505, "psnr_to_full": null, "temporal_delta_error": 0.0}
{"phase": "confirm2", "prompt": 11, "seed": 4000, "method": "BR_L4", "clip_score": 29.21875, "frame_consistency": 0.99560546875, "motion": 0.014722247608006, "sharpness": 0.0032582476269453764, "psnr_to_full": 31.155527746101864, "temporal_delta_error": 0.0003861949371639639}
{"phase": "confirm2", "prompt": 11, "seed": 4000, "method": "S2_L6+OS", "clip_score": 27.4375, "frame_consistency": 0.99365234375, "motion": 0.014696492813527584, "sharpness": 0.00300468597561121, "psnr_to_full": 25.123112180767457, "temporal_delta_error": 0.0010325475595891476}
{"phase": "confirm2", "prompt": 11, "seed": 4000, "method": "S5_O3w10_B2", "clip_score": 28.78125, "frame_consistency": 0.9970703125, "motion": 0.013831078074872494, "sharpness": 0.0031573998276144266, "psnr_to_full": 28.86538269580248, "temporal_delta_error": 0.0005486673326231539}
{"phase": "confirm2", "prompt": 11, "seed": 4000, "method": "S5_Ow10_L4", "clip_score": 29.4375, "frame_consistency": 0.99609375, "motion": 0.014493635855615139, "sharpness": 0.003260503988713026, "psnr_to_full": 31.198452184931384, "temporal_delta_error": 0.0003919317969121039}
{"phase": "confirm2", "prompt": 11, "seed": 4000, "method": "S5_Ow10_L4_GI22", "clip_score": 28.828125, "frame_consistency": 0.99658203125, "motion": 0.014142509549856186, "sharpness": 0.003246832638978958, "psnr_to_full": 30.80776695598324, "temporal_delta_error": 0.00038699290598742664}
{"phase": "confirm2", "prompt": 11, "seed": 4000, "method": "S5_Ow10_L6", "clip_score": 28.765625, "frame_consistency": 0.9970703125, "motion": 0.014062020927667618, "sharpness": 0.0030042666476219893, "psnr_to_full": 29.05169200504066, "temporal_delta_error": 0.0005624234909191728}
{"phase": "confirm2", "prompt": 11, "seed": 4000, "method": "S5_Ow12_L4", "clip_score": 29.375, "frame_consistency": 0.99755859375, "motion": 0.013993646018207073, "sharpness": 0.0029845971148461103, "psnr_to_full": 32.999600094680886, "temporal_delta_error": 0.0003380762063898146}
{"phase": "confirm2", "prompt": 11, "seed": 4000, "method": "S5_Ow8_L4", "clip_score": 28.59375, "frame_consistency": 0.99658203125, "motion": 0.013573428615927696, "sharpness": 0.0027594277635216713, "psnr_to_full": 29.141299183514107, "temporal_delta_error": 0.000430723448516801}
{"phase": "confirm2", "prompt": 11, "seed": 4000, "method": "full_perturb1e-2", "clip_score": 28.78125, "frame_consistency": 0.99560546875, "motion": 0.014119363389909267, "sharpness": 0.002945987042039633, "psnr_to_full": 34.29940750239488, "temporal_delta_error": 0.00025304805603809655}
{"phase": "confirm2", "prompt": 11, "seed": 4000, "method": "steps11", "clip_score": 28.90625, "frame_consistency": 0.99755859375, "motion": 0.014146313071250916, "sharpness": 0.005921557545661926, "psnr_to_full": 13.522621991953068, "temporal_delta_error": 0.0012987131485715508}
{"phase": "confirm2", "prompt": 11, "seed": 4000, "method": "steps14", "clip_score": 29.59375, "frame_consistency": 0.99658203125, "motion": 0.012965663336217403, "sharpness": 0.005014820955693722, "psnr_to_full": 13.860539634540963, "temporal_delta_error": 0.0012445154134184122}
{"phase": "confirm2", "prompt": 12, "seed": 3000, "method": "full", "clip_score": 27.203125, "frame_consistency": 0.98583984375, "motion": 0.07815377414226532, "sharpness": 0.0012731394963338971, "psnr_to_full": null, "temporal_delta_error": 0.0}
{"phase": "confirm2", "prompt": 12, "seed": 3000, "method": "BR_L4", "clip_score": 26.8125, "frame_consistency": 0.98193359375, "motion": 0.08315886557102203, "sharpness": 0.0012244429672136903, "psnr_to_full": 24.32266508825508, "temporal_delta_error": 0.005079096648842096}
{"phase": "confirm2", "prompt": 12, "seed": 3000, "method": "S2_L6+OS", "clip_score": 26.5625, "frame_consistency": 0.98486328125, "motion": 0.07901140302419662, "sharpness": 0.0009488099603913724, "psnr_to_full": 16.94914396334575, "temporal_delta_error": 0.016435900703072548}
{"phase": "confirm2", "prompt": 12, "seed": 3000, "method": "S5_O3w10_B2", "clip_score": 27.078125, "frame_consistency": 0.98681640625, "motion": 0.07897878438234329, "sharpness": 0.0012044949689880013, "psnr_to_full": 22.921014011195453, "temporal_delta_error": 0.006611958146095276}
{"phase": "confirm2", "prompt": 12, "seed": 3000, "method": "S5_Ow10_L4", "clip_score": 27.21875, "frame_consistency": 0.9833984375, "motion": 0.08480846136808395, "sharpness": 0.0012758868979290128, "psnr_to_full": 24.24347320101458, "temporal_delta_error": 0.005172298289835453}
{"phase": "confirm2", "prompt": 12, "seed": 3000, "method": "S5_Ow10_L4_GI22", "clip_score": 27.171875, "frame_consistency": 0.98291015625, "motion": 0.08175639808177948, "sharpness": 0.0011277995072305202, "psnr_to_full": 24.259984579312643, "temporal_delta_error": 0.005139289423823357}
{"phase": "confirm2", "prompt": 12, "seed": 3000, "method": "S5_Ow10_L6", "clip_score": 26.921875, "frame_consistency": 0.98193359375, "motion": 0.07565617561340332, "sharpness": 0.001088765449821949, "psnr_to_full": 23.27694155160325, "temporal_delta_error": 0.006266659125685692}
{"phase": "confirm2", "prompt": 12, "seed": 3000, "method": "S5_Ow12_L4", "clip_score": 27.515625, "frame_consistency": 0.98095703125, "motion": 0.07855328917503357, "sharpness": 0.001319564995355904, "psnr_to_full": 27.231928599967382, "temporal_delta_error": 0.002734014531597495}
{"phase": "confirm2", "prompt": 12, "seed": 3000, "method": "S5_Ow8_L4", "clip_score": 27.09375, "frame_consistency": 0.982421875, "motion": 0.07196015864610672, "sharpness": 0.0008994408999569714, "psnr_to_full": 21.335563995476612, "temporal_delta_error": 0.009099666960537434}
{"phase": "confirm2", "prompt": 12, "seed": 3000, "method": "full_perturb1e-2", "clip_score": 27.65625, "frame_consistency": 0.98388671875, "motion": 0.078092060983181, "sharpness": 0.001167796435765922, "psnr_to_full": 26.72694911004261, "temporal_delta_error": 0.002756297355517745}
{"phase": "confirm2", "prompt": 12, "seed": 3000, "method": "steps11", "clip_score": 26.609375, "frame_consistency": 0.9443359375, "motion": 0.1387437880039215, "sharpness": 0.0005750470445491374, "psnr_to_full": 11.123259772868433, "temporal_delta_error": 0.07275379449129105}
{"phase": "confirm2", "prompt": 12, "seed": 3000, "method": "steps14", "clip_score": 27.125, "frame_consistency": 0.92041015625, "motion": 0.0931023582816124, "sharpness": 0.0006102919578552246, "psnr_to_full": 11.983382319544182, "temporal_delta_error": 0.06929118931293488}
{"phase": "confirm2", "prompt": 12, "seed": 4000, "method": "full", "clip_score": 26.875, "frame_consistency": 0.99169921875, "motion": 0.05754141882061958, "sharpness": 0.0033852597698569298, "psnr_to_full": null, "temporal_delta_error": 0.0}
{"phase": "confirm2", "prompt": 12, "seed": 4000, "method": "BR_L4", "clip_score": 27.3125, "frame_consistency": 0.9912109375, "motion": 0.05780370160937309, "sharpness": 0.003512006253004074, "psnr_to_full": 25.1131638321305, "temporal_delta_error": 0.003858100390061736}
{"phase": "confirm2", "prompt": 12, "seed": 4000, "method": "S2_L6+OS", "clip_score": 27.078125, "frame_consistency": 0.9921875, "motion": 0.05350037291646004, "sharpness": 0.0026754187420010567, "psnr_to_full": 17.90512888391558, "temporal_delta_error": 0.014547650702297688}
{"phase": "confirm2", "prompt": 12, "seed": 4000, "method": "S5_O3w10_B2", "clip_score": 26.828125, "frame_consistency": 0.9912109375, "motion": 0.054576575756073, "sharpness": 0.003161738393828273, "psnr_to_full": 24.063012464874532, "temporal_delta_error": 0.004859295208007097}
{"phase": "confirm2", "prompt": 12, "seed": 4000, "method": "S5_Ow10_L4", "clip_score": 27.171875, "frame_consistency": 0.99072265625, "motion": 0.05853419005870819, "sharpness": 0.0036302160006016493, "psnr_to_full": 24.990592978780086, "temporal_delta_error": 0.003941744565963745}
{"phase": "confirm2", "prompt": 12, "seed": 4000, "method": "S5_Ow10_L4_GI22", "clip_score": 27.3125, "frame_consistency": 0.9892578125, "motion": 0.056127071380615234, "sharpness": 0.003324852790683508, "psnr_to_full": 24.80154311091287, "temporal_delta_error": 0.004085441119968891}
{"phase": "confirm2", "prompt": 12, "seed": 4000, "method": "S5_Ow10_L6", "clip_score": 26.828125, "frame_consistency": 0.9912109375, "motion": 0.05352231487631798, "sharpness": 0.002842731773853302, "psnr_to_full": 24.30651565768222, "temporal_delta_error": 0.004598603118211031}
{"phase": "confirm2", "prompt": 12, "seed": 4000, "method": "S5_Ow12_L4", "clip_score": 26.78125, "frame_consistency": 0.99169921875, "motion": 0.0561017245054245, "sharpness": 0.003350205020979047, "psnr_to_full": 28.462004558207656, "temporal_delta_error": 0.0018946313066408038}
{"phase": "confirm2", "prompt": 12, "seed": 4000, "method": "S5_Ow8_L4", "clip_score": 27.171875, "frame_consistency": 0.99267578125, "motion": 0.0550081841647625, "sharpness": 0.0031476637814193964, "psnr_to_full": 21.62195668723608, "temporal_delta_error": 0.007183362264186144}
{"phase": "confirm2", "prompt": 12, "seed": 4000, "method": "full_perturb1e-2", "clip_score": 26.703125, "frame_consistency": 0.9931640625, "motion": 0.05705253779888153, "sharpness": 0.0034256314393132925, "psnr_to_full": 26.498728307982713, "temporal_delta_error": 0.0028693818021565676}
{"phase": "confirm2", "prompt": 12, "seed": 4000, "method": "steps11", "clip_score": 26.421875, "frame_consistency": 0.96630859375, "motion": 0.13763689994812012, "sharpness": 0.0005404817638918757, "psnr_to_full": 10.326007317127313, "temporal_delta_error": 0.06692776083946228}
{"phase": "confirm2", "prompt": 12, "seed": 4000, "method": "steps14", "clip_score": 26.734375, "frame_consistency": 0.966796875, "motion": 0.14269475638866425, "sharpness": 0.0009803185239434242, "psnr_to_full": 10.354253325768731, "temporal_delta_error": 0.06921464949846268}
{"phase": "confirm2", "prompt": 13, "seed": 3000, "method": "full", "clip_score": 25.8125, "frame_consistency": 0.93798828125, "motion": 0.004785127006471157, "sharpness": 3.6452573112910613e-05, "psnr_to_full": null, "temporal_delta_error": 0.0}
{"phase": "confirm2", "prompt": 13, "seed": 3000, "method": "BR_L4", "clip_score": 25.171875, "frame_consistency": 0.935546875, "motion": 0.004346468020230532, "sharpness": 1.5898624042165466e-05, "psnr_to_full": 38.534787673355694, "temporal_delta_error": 0.00020780366321559995}
{"phase": "confirm2", "prompt": 13, "seed": 3000, "method": "S2_L6+OS", "clip_score": 24.8125, "frame_consistency": 0.93603515625, "motion": 0.004215819761157036, "sharpness": 2.546287578297779e-05, "psnr_to_full": 36.61219430276389, "temporal_delta_error": 0.00031663780100643635}
{"phase": "confirm2", "prompt": 13, "seed": 3000, "method": "S5_O3w10_B2", "clip_score": 24.984375, "frame_consistency": 0.93408203125, "motion": 0.004488405771553516, "sharpness": 1.762858300935477e-05, "psnr_to_full": 36.80570762174471, "temporal_delta_error": 0.0003030419466085732}
{"phase": "confirm2", "prompt": 13, "seed": 3000, "method": "S5_Ow10_L4", "clip_score": 25.09375, "frame_consistency": 0.9287109375, "motion": 0.004476698115468025, "sharpness": 1.5561065083602443e-05, "psnr_to_full": 38.18660479652238, "temporal_delta_error": 0.00022517069010064006}
{"phase": "confirm2", "prompt": 13, "seed": 3000, "method": "S5_Ow10_L4_GI22", "clip_score": 25.609375, "frame_consistency": 0.94482421875, "motion": 0.004313482437282801, "sharpness": 1.3667543498740997e-05, "psnr_to_full": 39.19623700737189, "temporal_delta_error": 0.00018536798597779125}
{"phase": "confirm2", "prompt": 13, "seed": 3000, "method": "S5_Ow10_L6", "clip_score": 25.09375, "frame_consistency": 0.9296875, "motion": 0.004389941692352295, "sharpness": 1.9954122763010673e-05, "psnr_to_full": 37.42171670925815, "temporal_delta_error": 0.0002692047564778477}
{"phase": "confirm2", "prompt": 13, "seed": 3000, "method": "S5_Ow12_L4", "clip_score": 25.265625, "frame_consistency": 0.93896484375, "motion": 0.004630312789231539, "sharpness": 3.221332372049801e-05, "psnr_to_full": 42.96617504087942, "temporal_delta_error": 8.086033631116152e-05}
{"phase": "confirm2", "prompt": 13, "seed": 3000, "method": "S5_Ow8_L4", "clip_score": 25.484375, "frame_consistency": 0.939453125, "motion": 0.00406501954421401, "sharpness": 2.3240359951159917e-05, "psnr_to_full": 39.09800866858883, "temporal_delta_error": 0.00019453407730907202}
{"phase": "confirm2", "prompt": 13, "seed": 3000, "method": "full_perturb1e-2", "clip_score": 26.046875, "frame_consistency": 0.92724609375, "motion": 0.004959899000823498, "sharpness": 4.3736716179409996e-05, "psnr_to_full": 42.21658338865903, "temporal_delta_error": 0.0001059031710610725}
{"phase": "confirm2", "prompt": 13, "seed": 3000, "method": "steps11", "clip_score": 19.015625, "frame_consistency": 0.99951171875, "motion": 0.0, "sharpness": 0.0, "psnr_to_full": 29.620726448537646, "temporal_delta_error": 0.0011717180022969842}
{"phase": "confirm2", "prompt": 13, "seed": 3000, "method": "steps14", "clip_score": 19.015625, "frame_consistency": 0.99951171875, "motion": 0.0, "sharpness": 0.0, "psnr_to_full": 29.620726448537646, "temporal_delta_error": 0.0011717180022969842}
{"phase": "confirm2", "prompt": 13, "seed": 4000, "method": "full", "clip_score": 26.6875, "frame_consistency": 0.9560546875, "motion": 0.0021548992954194546, "sharpness": 0.0001178743623313494, "psnr_to_full": null, "temporal_delta_error": 0.0}
{"phase": "confirm2", "prompt": 13, "seed": 4000, "method": "BR_L4", "clip_score": 25.65625, "frame_consistency": 0.94482421875, "motion": 0.001678441185504198, "sharpness": 8.901703404262662e-05, "psnr_to_full": 40.09123119736097, "temporal_delta_error": 0.00019729517225641757}
{"phase": "confirm2", "prompt": 13, "seed": 4000, "method": "S2_L6+OS", "clip_score": 25.046875, "frame_consistency": 0.94482421875, "motion": 0.0011373946908861399, "sharpness": 4.841152986045927e-05, "psnr_to_full": 35.65349077887914, "temporal_delta_error": 0.00042816821951419115}
{"phase": "confirm2", "prompt": 13, "seed": 4000, "method": "S5_O3w10_B2", "clip_score": 24.4375, "frame_consistency": 0.94775390625, "motion": 0.001710663316771388, "sharpness": 9.58266100496985e-05, "psnr_to_full": 37.17086280851353, "temporal_delta_error": 0.00036895961966365576}
{"phase": "confirm2", "prompt": 13, "seed": 4000, "method": "S5_Ow10_L4", "clip_score": 25.78125, "frame_consistency": 0.95361328125, "motion": 0.0017700997414067388, "sharpness": 9.615318413125351e-05, "psnr_to_full": 39.67652530297508, "temporal_delta_error": 0.00022304628510028124}
{"phase": "confirm2", "prompt": 13, "seed": 4000, "method": "S5_Ow10_L4_GI22", "clip_score": 25.640625, "frame_consistency": 0.958984375, "motion": 0.0017944542923942208, "sharpness": 9.364774450659752e-05, "psnr_to_full": 39.7394505021074, "temporal_delta_error": 0.00021133768314030021}
{"phase": "confirm2", "prompt": 13, "seed": 4000, "method": "S5_Ow10_L6", "clip_score": 24.59375, "frame_consistency": 0.93994140625, "motion": 0.0016949696000665426, "sharpness": 8.422425162279978e-05, "psnr_to_full": 38.11415587781231, "temporal_delta_error": 0.00028981687501072884}
{"phase": "confirm2", "prompt": 13, "seed": 4000, "method": "S5_Ow12_L4", "clip_score": 26.828125, "frame_consistency": 0.94873046875, "motion": 0.0020696897991001606, "sharpness": 0.00011437496868893504, "psnr_to_full": 43.041496812727615, "temporal_delta_error": 9.78831376414746e-05}
{"phase": "confirm2", "prompt": 13, "seed": 4000, "method": "S5_Ow8_L4", "clip_score": 25.8125, "frame_consistency": 0.95458984375, "motion": 0.0017467737197875977, "sharpness": 0.00011100884876213968, "psnr_to_full": 38.754094461920765, "temporal_delta_error": 0.00024012009089346975}
{"phase": "confirm2", "prompt": 13, "seed": 4000, "method": "full_perturb1e-2", "clip_score": 26.703125, "frame_consistency": 0.9560546875, "motion": 0.002147052902728319, "sharpness": 0.0001261973666260019, "psnr_to_full": 44.754214061354546, "temporal_delta_error": 6.545629730680957e-05}
{"phase": "confirm2", "prompt": 13, "seed": 4000, "method": "steps11", "clip_score": 19.015625, "frame_consistency": 0.99951171875, "motion": 0.0, "sharpness": 0.0, "psnr_to_full": 32.81824337022465, "temporal_delta_error": 0.0007971771992743015}
{"phase": "confirm2", "prompt": 13, "seed": 4000, "method": "steps14", "clip_score": 19.015625, "frame_consistency": 0.99951171875, "motion": 8.830317727026582e-11, "sharpness": 7.945721310726947e-15, "psnr_to_full": 32.81824337022465, "temporal_delta_error": 0.0007971771992743015}
{"phase": "confirm2", "prompt": 14, "seed": 3000, "method": "full", "clip_score": 32.28125, "frame_consistency": 0.99462890625, "motion": 0.12011703848838806, "sharpness": 0.019434019923210144, "psnr_to_full": null, "temporal_delta_error": 0.0}
{"phase": "confirm2", "prompt": 14, "seed": 3000, "method": "BR_L4", "clip_score": 32.21875, "frame_consistency": 0.994140625, "motion": 0.13067594170570374, "sharpness": 0.021086018532514572, "psnr_to_full": 27.81896805443406, "temporal_delta_error": 0.002658597193658352}
{"phase": "confirm2", "prompt": 14, "seed": 3000, "method": "S2_L6+OS", "clip_score": 32.125, "frame_consistency": 0.99169921875, "motion": 0.11152045428752899, "sharpness": 0.016182299703359604, "psnr_to_full": 19.517558300261136, "temporal_delta_error": 0.019331825897097588}
{"phase": "confirm2", "prompt": 14, "seed": 3000, "method": "S5_O3w10_B2", "clip_score": 32.28125, "frame_consistency": 0.99365234375, "motion": 0.12213484942913055, "sharpness": 0.018299026414752007, "psnr_to_full": 27.487547346603, "temporal_delta_error": 0.0027668247930705547}
{"phase": "confirm2", "prompt": 14, "seed": 3000, "method": "S5_Ow10_L4", "clip_score": 32.25, "frame_consistency": 0.99462890625, "motion": 0.1307762712240219, "sharpness": 0.021372918039560318, "psnr_to_full": 28.754105656982073, "temporal_delta_error": 0.0021523686591535807}
{"phase": "confirm2", "prompt": 14, "seed": 3000, "method": "S5_Ow10_L4_GI22", "clip_score": 32.03125, "frame_consistency": 0.9931640625, "motion": 0.13018085062503815, "sharpness": 0.02124452404677868, "psnr_to_full": 27.34201834637993, "temporal_delta_error": 0.002922078361734748}
{"phase": "confirm2", "prompt": 14, "seed": 3000, "method": "S5_Ow10_L6", "clip_score": 32.1875, "frame_consistency": 0.99267578125, "motion": 0.11946944892406464, "sharpness": 0.017451277002692223, "psnr_to_full": 26.419743094794388, "temporal_delta_error": 0.003517530858516693}
{"phase": "confirm2", "prompt": 14, "seed": 3000, "method": "S5_Ow12_L4", "clip_score": 32.34375, "frame_consistency": 0.994140625, "motion": 0.1212858334183693, "sharpness": 0.01941269263625145, "psnr_to_full": 32.27878334072127, "temporal_delta_error": 0.0008456477080471814}
{"phase": "confirm2", "prompt": 14, "seed": 3000, "method": "S5_Ow8_L4", "clip_score": 32.4375, "frame_consistency": 0.99365234375, "motion": 0.11574773490428925, "sharpness": 0.01797875575721264, "psnr_to_full": 27.091383248926263, "temporal_delta_error": 0.0030876384116709232}
{"phase": "confirm2", "prompt": 14, "seed": 3000, "method": "full_perturb1e-2", "clip_score": 32.15625, "frame_consistency": 0.994140625, "motion": 0.12097527086734772, "sharpness": 0.01903417520225048, "psnr_to_full": 28.48845900120019, "temporal_delta_error": 0.0021409757900983095}
{"phase": "confirm2", "prompt": 14, "seed": 3000, "method": "steps11", "clip_score": 30.296875, "frame_consistency": 0.98095703125, "motion": 0.12371981143951416, "sharpness": 0.011091521941125393, "psnr_to_full": 10.39927354399303, "temporal_delta_error": 0.06557446718215942}
{"phase": "confirm2", "prompt": 14, "seed": 3000, "method": "steps14", "clip_score": 31.15625, "frame_consistency": 0.98779296875, "motion": 0.13181740045547485, "sharpness": 0.014088794589042664, "psnr_to_full": 11.001764657301994, "temporal_delta_error": 0.06940936297178268}
{"phase": "confirm2", "prompt": 14, "seed": 4000, "method": "full", "clip_score": 31.546875, "frame_consistency": 0.99658203125, "motion": 0.10670027881860733, "sharpness": 0.008776106871664524, "psnr_to_full": null, "temporal_delta_error": 0.0}
{"phase": "confirm2", "prompt": 14, "seed": 4000, "method": "BR_L4", "clip_score": 31.5, "frame_consistency": 0.99658203125, "motion": 0.11666660010814667, "sharpness": 0.009050040505826473, "psnr_to_full": 27.559354270962352, "temporal_delta_error": 0.0028383946046233177}
{"phase": "confirm2", "prompt": 14, "seed": 4000, "method": "S2_L6+OS", "clip_score": 31.953125, "frame_consistency": 0.99658203125, "motion": 0.10612839460372925, "sharpness": 0.008226713165640831, "psnr_to_full": 23.549329626074055, "temporal_delta_error": 0.00604189932346344}
{"phase": "confirm2", "prompt": 14, "seed": 4000, "method": "S5_O3w10_B2", "clip_score": 31.671875, "frame_consistency": 0.9970703125, "motion": 0.10908610373735428, "sharpness": 0.008410287089645863, "psnr_to_full": 26.09985109529976, "temporal_delta_error": 0.0037765635643154383}
{"phase": "confirm2", "prompt": 14, "seed": 4000, "method": "S5_Ow10_L4", "clip_score": 31.390625, "frame_consistency": 0.99658203125, "motion": 0.1161741092801094, "sharpness": 0.00923154316842556, "psnr_to_full": 27.86649197343288, "temporal_delta_error": 0.0026472234167158604}
{"phase": "confirm2", "prompt": 14, "seed": 4000, "method": "S5_Ow10_L4_GI22", "clip_score": 31.375, "frame_consistency": 0.9970703125, "motion": 0.11588014662265778, "sharpness": 0.009309157729148865, "psnr_to_full": 27.115382301019633, "temporal_delta_error": 0.003112275619059801}
{"phase": "confirm2", "prompt": 14, "seed": 4000, "method": "S5_Ow10_L6", "clip_score": 31.765625, "frame_consistency": 0.99560546875, "motion": 0.10734901577234268, "sharpness": 0.00804603286087513, "psnr_to_full": 26.10012873613234, "temporal_delta_error": 0.003694557584822178}
{"phase": "confirm2", "prompt": 14, "seed": 4000, "method": "S5_Ow12_L4", "clip_score": 31.59375, "frame_consistency": 0.99658203125, "motion": 0.10823190212249756, "sharpness": 0.008468818850815296, "psnr_to_full": 33.351609818709875, "temporal_delta_error": 0.0006034651305526495}
{"phase": "confirm2", "prompt": 14, "seed": 4000, "method": "S5_Ow8_L4", "clip_score": 32.0, "frame_consistency": 0.99658203125, "motion": 0.10484005510807037, "sharpness": 0.007990284822881222, "psnr_to_full": 25.95788875329489, "temporal_delta_error": 0.004017973784357309}
{"phase": "confirm2", "prompt": 14, "seed": 4000, "method": "full_perturb1e-2", "clip_score": 31.5625, "frame_consistency": 0.99658203125, "motion": 0.10627610981464386, "sharpness": 0.008763633668422699, "psnr_to_full": 36.09824326956819, "temporal_delta_error": 0.00041074183536693454}
{"phase": "confirm2", "prompt": 14, "seed": 4000, "method": "steps11", "clip_score": 32.4375, "frame_consistency": 0.9931640625, "motion": 0.10632085800170898, "sharpness": 0.00803838949650526, "psnr_to_full": 12.895288619715007, "temporal_delta_error": 0.0504138246178627}
{"phase": "confirm2", "prompt": 14, "seed": 4000, "method": "steps14", "clip_score": 30.9375, "frame_consistency": 0.98779296875, "motion": 0.1033894270658493, "sharpness": 0.010051991790533066, "psnr_to_full": 13.61510681157075, "temporal_delta_error": 0.04674306884407997}
{"phase": "confirm2", "prompt": 15, "seed": 3000, "method": "full", "clip_score": 23.46875, "frame_consistency": 0.9892578125, "motion": 0.04629192873835564, "sharpness": 0.0026050822343677282, "psnr_to_full": null, "temporal_delta_error": 0.0}
{"phase": "confirm2", "prompt": 15, "seed": 3000, "method": "BR_L4", "clip_score": 23.25, "frame_consistency": 0.98681640625, "motion": 0.049461979418992996, "sharpness": 0.0029826692771166563, "psnr_to_full": 26.612620795889626, "temporal_delta_error": 0.002414508257061243}
{"phase": "confirm2", "prompt": 15, "seed": 3000, "method": "S2_L6+OS", "clip_score": 23.640625, "frame_consistency": 0.98193359375, "motion": 0.04168147221207619, "sharpness": 0.0027639856562018394, "psnr_to_full": 16.62099203414818, "temporal_delta_error": 0.010875198058784008}
{"phase": "confirm2", "prompt": 15, "seed": 3000, "method": "S5_O3w10_B2", "clip_score": 23.15625, "frame_consistency": 0.986328125, "motion": 0.04816173017024994, "sharpness": 0.002512201899662614, "psnr_to_full": 25.367564813999728, "temporal_delta_error": 0.0032403343357145786}
{"phase": "confirm2", "prompt": 15, "seed": 3000, "method": "S5_Ow10_L4", "clip_score": 23.125, "frame_consistency": 0.98876953125, "motion": 0.0494065135717392, "sharpness": 0.003043039236217737, "psnr_to_full": 26.52914517471302, "temporal_delta_error": 0.002594504738226533}
{"phase": "confirm2", "prompt": 15, "seed": 3000, "method": "S5_Ow10_L4_GI22", "clip_score": 23.296875, "frame_consistency": 0.98583984375, "motion": 0.04897764325141907, "sharpness": 0.0030372850596904755, "psnr_to_full": 26.730884715257876, "temporal_delta_error": 0.002381753409281373}
{"phase": "confirm2", "prompt": 15, "seed": 3000, "method": "S5_Ow10_L6", "clip_score": 23.40625, "frame_consistency": 0.98486328125, "motion": 0.04683299362659454, "sharpness": 0.002315546153113246, "psnr_to_full": 25.664591349206084, "temporal_delta_error": 0.0027621176559478045}
{"phase": "confirm2", "prompt": 15, "seed": 3000, "method": "S5_Ow12_L4", "clip_score": 23.609375, "frame_consistency": 0.9892578125, "motion": 0.0469064936041832, "sharpness": 0.0024832498747855425, "psnr_to_full": 30.101276938031933, "temporal_delta_error": 0.00115537503734231}
{"phase": "confirm2", "prompt": 15, "seed": 3000, "method": "S5_Ow8_L4", "clip_score": 23.46875, "frame_consistency": 0.9873046875, "motion": 0.0465523861348629, "sharpness": 0.002564340829849243, "psnr_to_full": 24.62694155056619, "temporal_delta_error": 0.003112847451120615}
{"phase": "confirm2", "prompt": 15, "seed": 3000, "method": "full_perturb1e-2", "clip_score": 23.5, "frame_consistency": 0.986328125, "motion": 0.044594064354896545, "sharpness": 0.0025633275508880615, "psnr_to_full": 25.984574605466477, "temporal_delta_error": 0.0023368329275399446}
{"phase": "confirm2", "prompt": 15, "seed": 3000, "method": "steps11", "clip_score": 23.203125, "frame_consistency": 0.9912109375, "motion": 0.018013684079051018, "sharpness": 0.0007704454474151134, "psnr_to_full": 15.292236082210467, "temporal_delta_error": 0.009738313965499401}
{"phase": "confirm2", "prompt": 15, "seed": 3000, "method": "steps14", "clip_score": 23.734375, "frame_consistency": 0.99169921875, "motion": 0.025665108114480972, "sharpness": 0.0006869586068205535, "psnr_to_full": 15.995366204801396, "temporal_delta_error": 0.009463365189731121}
{"phase": "confirm2", "prompt": 15, "seed": 4000, "method": "full", "clip_score": 23.78125, "frame_consistency": 0.9892578125, "motion": 0.025002721697092056, "sharpness": 0.0028040027245879173, "psnr_to_full": null, "temporal_delta_error": 0.0}
{"phase": "confirm2", "prompt": 15, "seed": 4000, "method": "BR_L4", "clip_score": 23.703125, "frame_consistency": 0.98779296875, "motion": 0.02707854099571705, "sharpness": 0.003202970139682293, "psnr_to_full": 28.173191315090836, "temporal_delta_error": 0.0006990446127019823}
{"phase": "confirm2", "prompt": 15, "seed": 4000, "method": "S2_L6+OS", "clip_score": 23.546875, "frame_consistency": 0.98974609375, "motion": 0.02550831250846386, "sharpness": 0.002527262782678008, "psnr_to_full": 24.12328449836954, "temporal_delta_error": 0.0020512195769697428}
{"phase": "confirm2", "prompt": 15, "seed": 4000, "method": "S5_O3w10_B2", "clip_score": 23.3125, "frame_consistency": 0.990234375, "motion": 0.025230348110198975, "sharpness": 0.0026773004792630672, "psnr_to_full": 27.390987441996092, "temporal_delta_error": 0.0007931345608085394}
{"phase": "confirm2", "prompt": 15, "seed": 4000, "method": "S5_Ow10_L4", "clip_score": 23.59375, "frame_consistency": 0.9873046875, "motion": 0.027006050571799278, "sharpness": 0.00329017941839993, "psnr_to_full": 28.403656416191673, "temporal_delta_error": 0.0006508243386633694}
{"phase": "confirm2", "prompt": 15, "seed": 4000, "method": "S5_Ow10_L4_GI22", "clip_score": 23.515625, "frame_consistency": 0.9873046875, "motion": 0.026688802987337112, "sharpness": 0.0033004286233335733, "psnr_to_full": 28.328256576639266, "temporal_delta_error": 0.0006527852383442223}
{"phase": "confirm2", "prompt": 15, "seed": 4000, "method": "S5_Ow10_L6", "clip_score": 23.40625, "frame_consistency": 0.9873046875, "motion": 0.024807440117001534, "sharpness": 0.0025091387797147036, "psnr_to_full": 27.646985819657143, "temporal_delta_error": 0.0007873064605519176}
{"phase": "confirm2", "prompt": 15, "seed": 4000, "method": "S5_Ow12_L4", "clip_score": 23.25, "frame_consistency": 0.98876953125, "motion": 0.025549961254000664, "sharpness": 0.002864524256438017, "psnr_to_full": 31.839308382754865, "temporal_delta_error": 0.00032201260910369456}
{"phase": "confirm2", "prompt": 15, "seed": 4000, "method": "S5_Ow8_L4", "clip_score": 23.46875, "frame_consistency": 0.98779296875, "motion": 0.02404792234301567, "sharpness": 0.0025940355844795704, "psnr_to_full": 27.221944135864895, "temporal_delta_error": 0.0009015372488647699}
{"phase": "confirm2", "prompt": 15, "seed": 4000, "method": "full_perturb1e-2", "clip_score": 23.53125, "frame_consistency": 0.99072265625, "motion": 0.02500470168888569, "sharpness": 0.0027206377126276493, "psnr_to_full": 31.508615562855596, "temporal_delta_error": 0.00031667438452132046}
{"phase": "confirm2", "prompt": 15, "seed": 4000, "method": "steps11", "clip_score": 21.078125, "frame_consistency": 0.9931640625, "motion": 0.014797025360167027, "sharpness": 0.0003678013163153082, "psnr_to_full": 15.772827035294927, "temporal_delta_error": 0.004533727187663317}
{"phase": "confirm2", "prompt": 15, "seed": 4000, "method": "steps14", "clip_score": 22.34375, "frame_consistency": 0.9931640625, "motion": 0.01856744848191738, "sharpness": 0.0007725482573732734, "psnr_to_full": 16.567091346891168, "temporal_delta_error": 0.004520841874182224}
# CogVideoX-2b combo screen (confirm2), 17f 480x720, DDIM-30, CFG6, V100. speed = paired wall-time vs full (DiT only)

| method | n | speed | latent MSE | PSNR | dCLIP | sharp ratio | motion ratio | tdelta err |
|---|---|---|---|---|---|---|---|---|
| steps11 | 16 | 2.73 | 0.4527 | 15.31 | -1.04 | 0.483 | 0.710 | 0.02134 |
| S2_L6+OS | 16 | 2.60 | 0.0993 | 24.23 | -0.19 | 0.889 | 0.952 | 0.00720 |
| steps14 | 16 | 2.15 | 0.4088 | 16.04 | -0.69 | 0.563 | 0.727 | 0.02159 |
| S5_O3w10_B2 | 16 | 2.10 | 0.0322 | 28.84 | -0.21 | 0.937 | 0.994 | 0.00228 |
| S5_Ow8_L4 | 16 | 2.07 | 0.0393 | 28.64 | -0.09 | 0.936 | 0.954 | 0.00290 |
| S5_Ow10_L4_GI22 | 16 | 2.06 | 0.0260 | 29.76 | -0.13 | 1.015 | 1.023 | 0.00183 |
| S5_Ow10_L6 | 16 | 2.06 | 0.0332 | 28.86 | -0.14 | 0.887 | 0.979 | 0.00217 |
| S5_Ow10_L4 | 16 | 1.94 | 0.0247 | 30.17 | +0.05 | 1.044 | 1.042 | 0.00174 |
| BR_L4 | 16 | 1.83 | 0.0253 | 30.05 | +0.02 | 1.025 | 1.038 | 0.00172 |
| S5_Ow12_L4 | 16 | 1.73 | 0.0120 | 33.95 | +0.02 | 0.987 | 0.999 | 0.00078 |
| full_perturb1e-2 | 16 | 1.00 | 0.0170 | 33.71 | -0.02 | 0.999 | 0.999 | 0.00145 |
| full | 16 | 1.00 | 0.0000 | nan | +0.00 | 1.000 | 1.000 | 0.00000 |
